LOCATION,houseprice,year,interest,gdp,lag_houseprice
AUS,26.4392670996052,1970,6.646667,25.2,NA
AUS,27.5587027899777,1971,6.713333,26.2,26.4392670996052
AUS,28.9524407308999,1972,5.831666,26.8,27.5587027899777
AUS,32.0857339983787,1973,6.933333,28,28.9524407308999
AUS,34.0642690906606,1974,9.036667,28.4,32.0857339983787
AUS,32.242114849874,1975,9.741667,29.1,34.0642690906606
AUS,31.5202075154095,1976,10.03083,30.2,32.242114849874
AUS,30.9163824776474,1977,10.22667,30.7,31.5202075154095
AUS,29.9787293951339,1978,9.06,31.3,30.9163824776474
AUS,30.9505998939918,1979,9.749166,32.7,29.9787293951339
AUS,31.7105747979012,1980,11.6475,33.6,30.9505998939918
AUS,33.4219061571576,1981,13.95833,35,31.7105747979012
AUS,31.38160709555,1982,15.375,34.9,33.4219061571576
AUS,30.3499732991134,1983,13.8875,34.8,31.38160709555
AUS,31.8161399682852,1984,13.525,37.1,30.3499732991134
AUS,32.8797042339218,1985,13.95417,39,31.8161399682852
AUS,32.5242668299628,1986,13.41667,39.7,32.8797042339218
AUS,31.912571603036,1987,13.19167,41.8,32.5242668299628
AUS,36.5306710632398,1988,12.10417,43.7,31.912571603036
AUS,42.8130284014437,1989,13.40833,45.6,36.5306710632398
AUS,40.8295541147872,1990,13.18,46.2,42.8130284014437
AUS,40.3770352588736,1991,10.69083,45.6,40.8295541147872
AUS,40.2333143736709,1992,9.22,46.9,40.3770352588736
AUS,40.4325207137459,1993,7.280833,48.9,40.2333143736709
AUS,41.2244124548607,1994,9.041667,51.2,40.4325207137459
AUS,40.5902499388616,1995,9.210896,52.8,41.2244124548607
AUS,40.1101862479352,1996,8.209207,54.9,40.5902499388616
AUS,41.149339239804704,1997,6.954918,57.2,40.1101862479352
AUS,43.5485511849141,1998,5.49297,60,41.149339239804704
AUS,46.1662740074924,1999,6.009312,62.5,43.5485511849141
AUS,48.3496128689305,2000,6.314569,64.6,46.1662740074924
AUS,51.9738694890745,2001,5.615264,66.4,48.3496128689305
AUS,60.074003462263,2002,5.843958,69,51.9738694890745
AUS,69.4599860524356,2003,5.366776,71.2,60.074003462263
AUS,72.7201309032543,2004,5.590775,74,69.4599860524356
AUS,72.4472764000324,2005,5.339973,76.2,72.7201309032543
AUS,74.7803571015764,2006,5.587872,78.3,72.4472764000324
AUS,80.1294947646366,2007,5.994521,81.7,74.7803571015764
AUS,80.6498092917964,2008,5.817944,83.7,80.1294947646366
AUS,81.7838103948514,2009,5.039512,85.3,80.6498092917964
AUS,89.3907295128617,2010,5.366042,87.4,81.7838103948514
AUS,85.5071011471869,2011,4.879583,89.8,89.3907295128617
AUS,83.2984346426292,2012,3.379167,93.3,85.5071011471869
AUS,86.8037721896719,2013,3.697292,95.4,83.2984346426292
AUS,92.9698972514985,2014,3.656667,97.8,86.8037721896719
AUS,100,2015,2.710833,100,92.9698972514985
AUS,104.601134311605,2016,2.336667,102.7,100
AUS,111.930320042547,2017,2.639167,105.2,104.601134311605
AUS,108.579758903436,2018,2.684167,108.1,111.930320042547
AUS,102.333642085012,2019,1.493333,110.2,108.579758903436
AUS,106.798182719389,2020,0.9208333,107.8,102.333642085012
AUT,77.9971049644509,2000,5.556667,81.5,NA
AUT,76.8315763767388,2001,5.079167,82.5,77.9971049644509
AUT,76.4885081750692,2002,4.964167,83.9,76.8315763767388
AUT,75.5319742051133,2003,4.140833,84.7,76.4885081750692
AUT,72.8350761646841,2004,4.130833,87,75.5319742051133
AUT,74.6615153756104,2005,3.394167,88.9,72.8350761646841
AUT,76.1310216581557,2006,3.8,92,74.6615153756104
AUT,77.7627423177222,2007,4.2975,95.4,76.1310216581557
AUT,76.9826556469114,2008,4.358333,96.8,77.7627423177222
AUT,79.7195300803873,2009,3.936667,93.2,76.9826556469114
AUT,85.693479311301,2010,3.225833,94.9,79.7195300803873
AUT,88.2588336838033,2011,3.319167,97.7,85.693479311301
AUT,92.5388898555051,2012,2.3725,98.3,88.2588336838033
AUT,95.3314705213585,2013,2.01,98.3,92.5388898555051
AUT,96.7216023906699,2014,1.4875,99,95.3314705213585
AUT,100,2015,0.7463517,100,96.7216023906699
AUT,106.987015565385,2016,0.3753925,102,100
AUT,110.684239476729,2017,0.583265,104.3,106.987015565385
AUT,113.5772599279,2018,0.6861517,106.9,110.684239476729
AUT,118.138678335944,2019,0.0629325,108.5,113.5772599279
AUT,125.505809859009,2020,-0.2248375,101.2,118.138678335944
BEL,37.6995287350496,1970,7.804167,NA,NA
BEL,35.5198827187587,1971,7.321667,NA,37.6995287350496
BEL,36.5781589269627,1972,7.044167,NA,35.5198827187587
BEL,39.4033973675661,1973,7.494167,NA,36.5781589269627
BEL,40.1827370530013,1974,8.768333,NA,39.4033973675661
BEL,41.2678686599259,1975,8.515833,NA,40.1827370530013
BEL,46.3799194575854,1976,9.088333,NA,41.2678686599259
BEL,50.3912970141668,1977,8.7625,NA,46.3799194575854
BEL,53.9907989806629,1978,8.9275,NA,50.3912970141668
BEL,56.360026154574,1979,9.693334,NA,53.9907989806629
BEL,51.3252067524683,1980,11.9,NA,56.360026154574
BEL,45.1866672116594,1981,13.43667,NA,51.3252067524683
BEL,40.6143636494741,1982,13.42833,NA,45.1866672116594
BEL,37.3182518053107,1983,11.94083,NA,40.6143636494741
BEL,36.0588217973879,1984,12.2425,NA,37.3182518053107
BEL,34.8519766154528,1985,10.96833,NA,36.0588217973879
BEL,36.3420586053571,1986,8.625834,NA,34.8519766154528
BEL,38.036062695276,1987,8.184167,NA,36.3420586053571
BEL,40.621157393511,1988,8.0075,NA,38.036062695276
BEL,44.5481893475971,1989,8.539166,NA,40.621157393511
BEL,47.9603842818365,1990,10.00667,NA,44.5481893475971
BEL,48.6314241729237,1991,9.285833,NA,47.9603842818365
BEL,50.9366623738469,1992,8.653334,NA,48.6314241729237
BEL,52.3110477995986,1993,7.228333,NA,50.9366623738469
BEL,54.4340388268797,1994,7.750834,NA,52.3110477995986
BEL,56.0289909047707,1995,7.480834,68.7,54.4340388268797
BEL,56.8853071711984,1996,6.4925,69.6,56.0289909047707
BEL,57.4315269374952,1997,5.753334,72.2,56.8853071711984
BEL,60.3988745345952,1998,4.751667,73.7,57.4315269374952
BEL,64.4453501129858,1999,4.749166,76.3,60.3988745345952
BEL,65.717891553623,2000,5.5925,79.1,64.4453501129858
BEL,67.329802740044,2001,5.130833,80,65.717891553623
BEL,70.9016628447686,2002,4.986667,81.3,67.329802740044
BEL,74.672425286577493,2003,4.180833,82.2,70.9016628447686
BEL,79.1742106622809,2004,4.1525,85.1,74.672425286577493
BEL,85.9665018968349,2005,3.428333,87.1,79.1742106622809
BEL,91.8236558892533,2006,3.815,89.3,85.9665018968349
BEL,96.4009836473963,2007,4.328333,92.6,91.8236558892533
BEL,97.5626732794145,2008,4.4175,93,96.4009836473963
BEL,97.9043725004677,2009,3.901667,91.1,97.5626732794145
BEL,99.1093905791683,2010,3.4625,93.7,97.9043725004677
BEL,100.237207407226,2011,4.233333,95.3,99.1093905791683
BEL,100.452969118833,2012,3,96,100.237207407226
BEL,100.561643188014,2013,2.41,96.5,100.452969118833
BEL,99.2625377032145,2014,1.713333,98,100.561643188014
BEL,100,2015,0.84,100,99.2625377032145
BEL,101.102666369237,2016,0.4758333,101.3,100
BEL,102.810016232292,2017,0.7225,102.9,101.102666369237
BEL,103.673185010279,2018,0.795,104.8,102.810016232292
BEL,106.363294669566,2019,0.1933333,107,103.673185010279
BEL,110.182250459745,2020,-0.1483333,101,106.363294669566
CAN,31.2230856779634,1970,7.965833,29.4,NA
CAN,31.8557064511663,1971,6.945,30.6,31.2230856779634
CAN,32.9089945182549,1972,7.225,32.3,31.8557064511663
CAN,37.152840538079,1973,7.528333,34.5,32.9089945182549
CAN,42.7473885786055,1974,8.87,35.6,37.152840538079
CAN,42.8307786658954,1975,8.993333,36.2,42.7473885786055
CAN,44.3855706344857,1976,9.229167,38.3,42.8307786658954
CAN,42.9635282429053,1977,8.693334,39.6,44.3855706344857
CAN,41.6034270154166,1978,9.235833,41.1,42.9635282429053
CAN,42.0793255518721,1979,10.17917,42.6,41.6034270154166
CAN,43.0110453545962,1980,12.33833,43.5,42.0793255518721
CAN,44.2478844106052,1981,14.98917,45,43.0110453545962
CAN,38.0424694889738,1982,14.43533,43.6,44.2478844106052
CAN,37.5328163358626,1983,11.39858,44.7,38.0424694889738
CAN,35.6472924873124,1984,12.71004,47.3,37.5328163358626
CAN,36.1465911349984,1985,10.91183,49.6,35.6472924873124
CAN,40.261316426053,1986,9.145541,50.7,36.1465911349984
CAN,44.9246655850686,1987,9.470708,52.7,40.261316426053
CAN,50.8237680547618,1988,9.830916,55,44.9246655850686
CAN,55.0546703580127,1989,9.783184,56.3,50.8237680547618
CAN,51.4571595056898,1990,10.71762,56.4,55.0546703580127
CAN,51.312752590604,1991,9.449769,55.2,51.4571595056898
CAN,51.8467682403191,1992,8.076547,55.7,51.312752590604
CAN,51.9415397958676,1993,7.244352,57.2,51.8467682403191
CAN,53.0985502254101,1994,8.361641,59.8,51.9415397958676
CAN,49.9658871193446,1995,8.161792,61.4,53.0985502254101
CAN,49.2217776336332,1996,7.229915,62.4,49.9658871193446
CAN,49.7653821597939,1997,6.143073,65.1,49.2217776336332
CAN,48.483425030192,1998,5.279053,67.6,49.7653821597939
CAN,49.0370980596536,1999,5.541102,71.1,48.483425030192
CAN,50.0122812435565,2000,5.925412,74.8,49.0370980596536
CAN,51.3043222724199,2001,5.480272,76.1,50.0122812435565
CAN,54.373611716505,2002,5.290907,78.4,51.3043222724199
CAN,57.9301296190643,2003,4.810544,79.8,54.373611716505
CAN,61.7493233423226,2004,4.579607,82.3,57.9301296190643
CAN,65.6120578196429,2005,4.066929,84.9,61.7493233423226
CAN,72.3845725961453,2006,4.20776,87.1,65.6120578196429
CAN,79.52842788521,2007,4.269767,89,72.3845725961453
CAN,82.6488015621589,2008,3.605302,89.8,79.52842788521
CAN,80.2083698315458,2009,3.230619,87.2,82.6488015621589
CAN,86.2078423473345,2010,3.23514,89.9,80.2083698315458
CAN,88.610995842009,2011,2.783036,92.7,86.2078423473345
CAN,91.6954594548658,2012,1.87341,94.4,88.610995842009
CAN,92.816915935364,2013,2.261959,96.6,91.6954594548658
CAN,95.8643930281837,2014,2.23083,99.3,92.816915935364
CAN,100,2015,1.521695,100,95.8643930281837
CAN,109.037853687719,2016,1.251758,101,100
CAN,120.979984292867,2017,1.783652,104.1,109.037853687719
CAN,123.889210741032,2018,2.277912,107,120.979984292867
CAN,123.254789766007,2019,1.588883,109,123.889210741032
CAN,129.645357185913,2020,0.7531087,103.3,123.254789766007
CZE,107.797684364306,2008,4.633333,94.1,NA
CZE,102.749721713388,2009,4.8375,89.8,107.797684364306
CZE,100.48079375031,2010,3.884167,91.9,102.749721713388
CZE,98.815038795254,2011,3.7075,93.6,100.48079375031
CZE,95.3080384359235,2012,2.781667,92.8,98.815038795254
CZE,94.672467027479,2013,2.111667,92.8,95.3080384359235
CZE,96.1771974607137,2014,1.575833,94.9,94.672467027479
CZE,100,2015,0.575,100,96.1771974607137
CZE,106.707057508796,2016,0.4275,102.5,100
CZE,116.505433686076,2017,0.9808334,107.8,106.707057508796
CZE,123.402994289489,2018,1.981667,111.3,116.505433686076
CZE,131.00446460994,2019,1.548333,114.7,123.402994289489
CZE,138.235482091419,2020,1.128333,108,131.00446460994
DNK,46.3863356145208,1970,NA,NA,NA
DNK,48.8642925899274,1971,NA,NA,46.3863356145208
DNK,52.7572851910192,1972,NA,NA,48.8642925899274
DNK,55.6500562413389,1973,NA,NA,52.7572851910192
DNK,50.6126539191674,1974,NA,NA,55.6500562413389
DNK,53.9322396171547,1975,NA,NA,50.6126539191674
DNK,53.7477470469022,1976,NA,NA,53.9322396171547
DNK,55.6363024464978,1977,NA,NA,53.7477470469022
DNK,59.7880204938722,1978,NA,NA,55.6363024464978
DNK,59.9784030768369,1979,NA,NA,59.7880204938722
DNK,53.6811733496181,1980,NA,NA,59.9784030768369
DNK,45.7582270323074,1981,NA,NA,53.6811733496181
DNK,40.5376199550208,1982,NA,NA,45.7582270323074
DNK,46.1050091423097,1983,NA,NA,40.5376199550208
DNK,49.7903798034126,1984,NA,NA,46.1050091423097
DNK,56.1916693017704,1985,NA,NA,49.7903798034126
DNK,62.242741536139,1986,NA,NA,56.1916693017704
DNK,55.1446253429272,1987,11.28435,NA,62.242741536139
DNK,53.568632453995,1988,9.883703,NA,55.1446253429272
DNK,50.7481639163965,1989,9.706354,NA,53.568632453995
DNK,46.1569775628265,1990,10.62874,NA,50.7481639163965
DNK,45.4730527787789,1991,9.262481,NA,46.1569775628265
DNK,44.2091890112702,1992,8.987465,NA,45.4730527787789
DNK,43.315597202014,1993,7.302794,NA,44.2091890112702
DNK,47.3979582269339,1994,7.825434,NA,43.315597202014
DNK,50.0653912403874,1995,8.270138,74.9,47.3979582269339
DNK,54.5009866733291,1996,7.19293,77.1,50.0653912403874
DNK,59.6717457501133,1997,6.261175,79.6,54.5009866733291
DNK,64.0716521049507,1998,5.039933,81.3,59.6717457501133
DNK,67.1243642642052,1999,4.9172,83.7,64.0716521049507
DNK,69.5429854213325,2000,5.660133,86.9,67.1243642642052
DNK,71.926191226163,2001,5.09365,87.6,69.5429854213325
DNK,73.1680464015523,2002,5.055967,88,71.926191226163
DNK,75.894276193773,2003,4.307742,88.3,73.1680464015523
DNK,83.2359199339719,2004,4.304708,90.7,75.894276193773
DNK,98.2167117693066,2005,3.403625,92.8,83.2359199339719
DNK,119.230346421799,2006,3.812175,96.4,98.2167117693066
DNK,120.361659897133,2007,4.286608,97.3,119.230346421799
DNK,110.932736083198,2008,4.281425,96.8,120.361659897133
DNK,96.3932888284529,2009,3.586242,92.1,110.932736083198
DNK,96.7115063572738,2010,2.926058,93.8,96.3932888284529
DNK,92.8776971031503,2011,2.72935,95,96.7115063572738
DNK,88.3159401327178,2012,1.403058,95.3,92.8776971031503
DNK,91.0010911673413,2013,1.745833,96.2,88.3159401327178
DNK,93.8651957063982,2014,1.326667,97.7,91.0010911673413
DNK,100,2015,0.6908333,100,93.8651957063982
DNK,104.59295886621,2016,0.3208333,103.2,100
DNK,108.13592851316,2017,0.4766667,106.2,104.59295886621
DNK,112.326797853978,2018,0.4558333,108.3,108.13592851316
DNK,114.325160362744,2019,-0.185,110.6,112.326797853978
DNK,119.794416098418,2020,-0.36,108.3,114.325160362744
FIN,58.5952961685444,1970,NA,NA,NA
FIN,57.1511145852089,1971,NA,NA,58.5952961685444
FIN,57.6140441149275,1972,NA,NA,57.1511145852089
FIN,64.7982086726953,1973,NA,NA,57.6140441149275
FIN,65.339737921794807,1974,NA,NA,64.7982086726953
FIN,58.6329792317804,1975,NA,NA,65.339737921794807
FIN,55.1638103064427,1976,NA,NA,58.6329792317804
FIN,51.1095026277481,1977,NA,NA,55.1638103064427
FIN,48.8305332355492,1978,NA,NA,51.1095026277481
FIN,48.0888429032977,1979,NA,NA,48.8305332355492
FIN,49.3199355658029,1980,NA,NA,48.0888429032977
FIN,50.8930455604331,1981,NA,NA,49.3199355658029
FIN,55.1519911308229,1982,NA,NA,50.8930455604331
FIN,61.2622047415949,1983,NA,NA,55.1519911308229
FIN,64.1758055017327,1984,NA,NA,61.2622047415949
FIN,63.4520949025496,1985,NA,NA,64.1758055017327
FIN,63.1360885102907,1986,NA,NA,63.4520949025496
FIN,67.3646757490749,1987,NA,NA,63.1360885102907
FIN,86.0556261095614,1988,10.5575,NA,67.3646757490749
FIN,102.179899092163,1989,12.08583,NA,86.0556261095614
FIN,92.6775937660919,1990,13.21,66.5,102.179899092163
FIN,78.0127343354278,1991,11.71167,62.6,92.6775937660919
FIN,64.4941705134273,1992,11.9725,60.5,78.0127343354278
FIN,55.9085445921973,1993,8.825,60.1,64.4941705134273
FIN,57.8025358638056,1994,9.036667,62.5,55.9085445921973
FIN,56.5374550400347,1995,8.791667,65.1,57.8025358638056
FIN,59.3125055200241,1996,7.076667,67.5,56.5374550400347
FIN,67.3762981691997,1997,5.9575,71.8,59.3125055200241
FIN,72.1540859322851,1998,4.7875,75.7,67.3762981691997
FIN,76.154025144224,1999,4.7225,79,72.1540859322851
FIN,76.8032478947176,2000,5.4825,83.6,76.154025144224
FIN,73.7150646709635,2001,5.043334,85.8,76.8032478947176
FIN,76.8744176279221,2002,4.980834,87.3,73.7150646709635
FIN,80.9427959904351,2003,4.135,89,76.8744176279221
FIN,87.3030282486363,2004,4.109167,92.6,80.9427959904351
FIN,93.2232654828532,2005,3.350833,95.1,87.3030282486363
FIN,98.3485381875389,2006,3.7825,99,93.2232654828532
FIN,102.181042172405,2007,4.293334,104.2,98.3485381875389
FIN,99.6204728459655,2008,4.29,105,102.181042172405
FIN,99.1673576111495,2009,3.738333,96.5,99.6204728459655
FIN,103.940794292892,2010,3.010833,99.6,99.1673576111495
FIN,103.804708544184,2011,3.005833,102.2,103.940794292892
FIN,103.384197409749,2012,1.883333,100.7,103.804708544184
FIN,102.102877866178,2013,1.860833,99.8,103.384197409749
FIN,100.454177282018,2014,1.448333,99.5,102.102877866178
FIN,100,2015,0.7233334,100,100.454177282018
FIN,100.597958515391,2016,0.365,102.8,100
FIN,101.125106031733,2017,0.5466667,106.1,100.597958515391
FIN,100.875978062216,2018,0.6616667,107.3,101.125106031733
FIN,100.895898682635,2019,0.07,108.6,100.875978062216
FIN,102.177971176968,2020,-0.2191667,105.6,100.895898682635
FRA,41.9020726363793,1970,8.550834,38.5,NA
FRA,40.3829459892015,1971,8.421667,40.4,41.9020726363793
FRA,42.8937030831428,1972,8.013333,42.1,40.3829459892015
FRA,44.4300508379005,1973,8.998333,44.4,42.8937030831428
FRA,45.8861133559757,1974,11.0025,45.8,44.4300508379005
FRA,45.4363696636421,1975,10.31167,45.7,45.8861133559757
FRA,47.6129235525011,1976,10.51,47.6,45.4363696636421
FRA,49.7892049994098,1977,10.99167,49.2,47.6129235525011
FRA,50.6270438096544,1978,10.61167,50.8,49.7892049994098
FRA,51.9082989972117,1979,10.8475,52.5,50.6270438096544
FRA,55.1619778707711,1980,13.78417,53.3,51.9082989972117
FRA,54.9203242982898,1981,16.29167,53.9,55.1619778707711
FRA,51.6267496602809,1982,15.9975,55.2,54.9203242982898
FRA,48.6742656142539,1983,14.36833,55.9,51.6267496602809
FRA,45.9501358441557,1984,13.40417,56.8,48.6742656142539
FRA,45.9594967288301,1985,11.86667,57.7,45.9501358441557
FRA,48.2086343632733,1986,9.119166,59,45.9594967288301
FRA,51.4814768494178,1987,9.478633,60.5,48.2086343632733
FRA,55.0405533440318,1988,9.08405,63.4,51.4814768494178
FRA,57.6061069256452,1989,8.796059,66.2,55.0405533440318
FRA,60.1775696523936,1990,9.932117,68.1,57.6061069256452
FRA,60.5903718953344,1991,9.038342,68.8,60.1775696523936
FRA,57.9292432242638,1992,8.587875,69.9,60.5903718953344
FRA,56.5788418533813,1993,6.775,69.5,57.9292432242638
FRA,55.8952226830749,1994,7.213792,71.1,56.5788418533813
FRA,53.1837678690702,1995,7.534975,72.6,55.8952226830749
FRA,51.8325094738439,1996,6.312142,73.6,53.1837678690702
FRA,51.2210517735157,1997,5.582509,75.4,51.8325094738439
FRA,52.1174235405616,1998,4.640208,78.1,51.2210517735157
FRA,55.9949503503979,1999,4.608783,80.7,52.1174235405616
FRA,59.5397536880687,2000,5.394467,83.9,55.9949503503979
FRA,62.9964929466216,2001,4.939458,85.6,59.5397536880687
FRA,67.8617281274431,2002,4.861217,86.5,62.9964929466216
FRA,74.6616106000483,2003,4.130892,87.2,67.8617281274431
FRA,84.0804089076567,2004,4.099167,89.7,74.6616106000483
FRA,95.328624514724,2005,3.409442,91.2,84.0804089076567
FRA,104.556605943381,2006,3.795742,93.4,95.328624514724
FRA,109.078383232964,2007,4.3032,95.7,104.556605943381
FRA,107.139349907616,2008,4.234325,96,109.078383232964
FRA,101.014622111518,2009,3.648817,93.2,107.139349907616
FRA,105.012492392181,2010,3.117017,95,101.014622111518
FRA,109.242946318724,2011,3.321058,97.1,105.012492392181
FRA,107.135421158952,2012,2.535992,97.4,109.242946318724
FRA,104.21296238355,2013,2.20435,98,107.135421158952
FRA,102.21216824602,2014,1.666442,98.9,104.21296238355
FRA,100,2015,0.8418583,100,102.21216824602
FRA,100.683421325082,2016,0.4678833,101.1,100
FRA,102.886561775948,2017,0.8098583,103.4,100.683421325082
FRA,104.277321468432,2018,0.7841083,105.3,102.886561775948
FRA,106.811024430147,2019,0.1302,107.3,104.277321468432
FRA,111.921831284027,2020,-0.1452667,98.9,106.811024430147
DEU,102.213991764888,1970,8.316667,NA,NA
DEU,106.247372402549,1971,7.991667,NA,102.213991764888
DEU,108.082954717617,1972,7.875,NA,106.247372402549
DEU,107.610876860165,1973,9.308333,NA,108.082954717617
DEU,106.805797418535,1974,10.44167,NA,107.610876860165
DEU,103.218702722194,1975,8.675,NA,106.805797418535
DEU,101.657692058243,1976,8.033334,NA,103.218702722194
DEU,104.479091703794,1977,6.533333,NA,101.657692058243
DEU,109.912896347277,1978,6.133333,NA,104.479091703794
DEU,113.111513451889,1979,7.566667,NA,109.912896347277
DEU,113.971599879988,1980,8.425,NA,113.111513451889
DEU,114.853598899186,1981,10.13333,NA,113.971599879988
DEU,110.434605700405,1982,8.908334,NA,114.853598899186
DEU,107.346856317741,1983,8.083333,NA,110.434605700405
DEU,102.442068244737,1984,7.958333,NA,107.346856317741
DEU,99.80102890641,1985,7.041667,NA,102.442068244737
DEU,101.129986758872,1986,6.158333,NA,99.80102890641
DEU,100.410268280748,1987,6.25,NA,101.129986758872
DEU,100.277897866396,1988,6.491667,NA,100.410268280748
DEU,99.6507898350396,1989,7.025,NA,100.277897866396
DEU,104.389069116549,1990,8.726459,NA,99.6507898350396
DEU,105.994034500665,1991,8.445625,73.3,104.389069116549
DEU,107.179107539509,1992,7.835208,74.7,105.994034500665
DEU,108.045492232965,1993,6.496459,74,107.179107539509
DEU,110.111571135829,1994,6.884414,75.8,108.045492232965
DEU,110.263315829632,1995,6.850543,76.9,110.111571135829
DEU,108.078221327492,1996,6.215378,77.6,110.263315829632
DEU,105.003177672249,1997,5.640138,78.9,108.078221327492
DEU,103.762321459733,1998,4.573801,80.5,105.003177672249
DEU,103.224833561137,1999,4.49061,82.1,103.762321459733
DEU,102.744656744165,2000,5.263958,84.4,103.224833561137
DEU,100.706157452257,2001,4.796593,85.9,102.744656744165
DEU,98.1285863272029,2002,4.78358,85.7,100.706157452257
DEU,97.0738182317734,2003,4.071143,85.1,98.1285863272029
DEU,94.5207756463447,2004,4.037156,86.1,97.0738182317734
DEU,94.66742484677,2005,3.354017,86.7,94.5207756463447
DEU,93.0988401016246,2006,3.764125,90,94.66742484677
DEU,89.4328039933854,2007,4.216955,92.7,93.0988401016246
DEU,88.9044029492432,2008,3.984768,93.6,89.4328039933854
DEU,89.5682883183374,2009,3.222218,88.3,88.9044029492432
DEU,89.0181706265287,2010,2.744267,92,89.5682883183374
DEU,90.5186758586954,2011,2.609185,95.6,89.0181706265287
DEU,92.3439029355964,2012,1.49513,96,90.5186758586954
DEU,93.9501019559402,2013,1.571408,96.4,92.3439029355964
DEU,96.0260897842361,2014,1.163472,98.5,93.9501019559402
DEU,100,2015,0.4951937,100,96.0260897842361
DEU,106.771421139827,2016,0.09149919,102.2,100
DEU,111.620233172734,2017,0.3163361,105,106.771421139827
DEU,117.313733842515,2018,0.396364,106.1,111.620233172734
DEU,122.479333261614,2019,-0.2536345,107.2,117.313733842515
DEU,131.140681067275,2020,-0.511024,102.3,122.479333261614
GRC,82.598052276867,1997,NA,92.5,NA
GRC,96.2613831373722,1998,8.481667,96.1,82.598052276867
GRC,100.447934759062,1999,6.308333,99.1,96.2613831373722
GRC,111.200031458593,2000,6.108333,102.9,100.447934759062
GRC,125.23525815168,2001,5.304167,107.2,111.200031458593
GRC,139.505198384082,2002,5.1225,111.4,125.23525815168
GRC,143.438210966304,2003,4.2675,117.9,139.505198384082
GRC,142.048308776306,2004,4.255833,123.8,143.438210966304
GRC,152.966349190975,2005,3.585,124.6,142.048308776306
GRC,167.417895793003,2006,4.07,131.6,152.966349190975
GRC,171.581568363233,2007,4.5,135.9,167.417895793003
GRC,166.835146905172,2008,4.8025,135.5,171.581568363233
GRC,158.150405371259,2009,5.174167,129.6,166.835146905172
GRC,151.785488546147,2010,9.091666,122.5,158.150405371259
GRC,139.28957245803,2011,15.74917,110.1,151.785488546147
GRC,121.73813304471,2012,22.4975,102.3,139.28957245803
GRC,110.339411405002,2013,10.05417,99.7,121.73813304471
GRC,104.029136765802,2014,6.929167,100.2,110.339411405002
GRC,100,2015,9.666364,100,104.029136765802
GRC,98.4739796284604,2016,8.36,99.5,100
GRC,97.0333198007171,2017,5.978333,100.6,98.4739796284604
GRC,98.7137251103278,2018,4.185,102.3,97.0333198007171
GRC,105.938898545452,2019,2.585833,104.1,98.7137251103278
GRC,112.093414388119,2020,1.271667,94.7,105.938898545452
HUN,127.606727314566,2007,6.744167,94.7,NA
HUN,123.540445614288,2008,8.238334,95.7,127.606727314566
HUN,112.339693963088,2009,9.123333,89.4,123.540445614288
HUN,106.058018398652,2010,7.281667,90.4,112.339693963088
HUN,99.0906416190875,2011,7.635409,92,106.058018398652
HUN,90.2904459108021,2012,7.890833,90.9,99.0906416190875
HUN,86.4601255701785,2013,5.923333,92.5,90.2904459108021
HUN,88.9031198253514,2014,4.809166,96.4,86.4601255701785
HUN,100,2015,3.4325,100,88.9031198253514
HUN,112.261754886965,2016,3.143333,102.2,100
HUN,121.938765588612,2017,2.9625,106.6,112.261754886965
HUN,134.924420210326,2018,3.058333,112.3,121.938765588612
HUN,150.944877407122,2019,2.465,117.4,134.924420210326
HUN,153.762561945951,2020,2.225,111.9,150.944877407122
ISL,73.9739035929611,2001,10.35917,70.4,NA
ISL,73.5440074373736,2002,7.959742,70.8,73.9739035929611
ISL,81.2553276873256,2003,6.652117,72.3,73.5440074373736
ISL,86.8332718651408,2004,7.491667,78,81.2553276873256
ISL,110.121297729001,2005,8.636942,82.8,86.8332718651408
ISL,119.943509825495,2006,8.830566,88,110.121297729001
ISL,125.244079953109,2007,9.419559,95.4,119.943509825495
ISL,116.221434498127,2008,11.06824,97.5,125.244079953109
ISL,90.7516659208579,2009,8.256277,90.1,116.221434498127
ISL,84.6395351796186,2010,6.085834,87.5,90.7516659208579
ISL,85.4277322035927,2011,5.978333,89.1,84.6395351796186
ISL,86.2887561449679,2012,6.194167,90.1,85.4277322035927
ISL,88.0014304485961,2013,5.789166,94.2,86.2887561449679
ISL,93.0707664505774,2014,6.373333,95.8,88.0014304485961
ISL,100,2015,6.259167,100,93.0707664505774
ISL,108.68955162811,2016,5.603333,106.3,100
ISL,131.149817575861,2017,4.858333,110.8,108.68955162811
ISL,137.72602247317,2018,5.330833,116.2,131.149817575861
ISL,137.894473456804,2019,3.974167,119,137.72602247317
ISL,143.308959984533,2020,2.466667,111.3,137.894473456804
IRL,32.7354760321041,1970,NA,NA,NA
IRL,33.5784559295708,1971,9.386634,NA,32.7354760321041
IRL,33.6357263883142,1972,9.217292,NA,33.5784559295708
IRL,32.6869303032997,1973,10.88955,NA,33.6357263883142
IRL,34.2020245572195,1974,14.85469,NA,32.6869303032997
IRL,35.4556277539059,1975,14.19172,NA,34.2020245572195
IRL,35.2898608136285,1976,14.84792,NA,35.4556277539059
IRL,36.8844805460542,1977,13.09353,NA,35.2898608136285
IRL,45.7020819332266,1978,13.04019,NA,36.8844805460542
IRL,49.6808348317566,1979,15.30684,NA,45.7020819332266
IRL,47.0497580389724,1980,15.59895,NA,49.6808348317566
IRL,47.6736494719194,1981,17.54469,NA,47.0497580389724
IRL,44.5201420965507,1982,17.33132,NA,47.6736494719194
IRL,43.8605092070193,1983,14.12737,NA,44.5201420965507
IRL,42.6545037107368,1984,14.84707,NA,43.8605092070193
IRL,41.0896164876621,1985,12.98515,NA,42.6545037107368
IRL,40.4065807355145,1986,11.40265,NA,41.0896164876621
IRL,39.0563409831979,1987,11.43991,NA,40.4065807355145
IRL,40.9733563836224,1988,9.511101,NA,39.0563409831979
IRL,42.523384995069,1989,9.317204,NA,40.9733563836224
IRL,47.4344221888478,1990,10.4391,NA,42.523384995069
IRL,47.5016975270651,1991,9.524648,NA,47.4344221888478
IRL,47.0137992882956,1992,9.466225,NA,47.5016975270651
IRL,46.9667749464149,1993,7.700833,NA,47.0137992882956
IRL,47.9201016486143,1994,7.920833,NA,46.9667749464149
IRL,49.5563616590075,1995,8.255,NA,47.9201016486143
IRL,52.0244188693241,1996,7.289166,NA,49.5563616590075
IRL,58.1349307270657,1997,6.293334,41.3,52.0244188693241
IRL,69.4002900214492,1998,4.796667,44.9,58.1349307270657
IRL,81.9795406696832,1999,4.710834,49.7,69.4002900214492
IRL,94.3566952422888,2000,5.5125,54.3,81.9795406696832
IRL,102.270098688939,2001,5.011667,57.2,94.3566952422888
IRL,104.544571186297,2002,5.01,60.6,102.270098688939
IRL,115.601240069871,2003,4.1325,62.4,104.544571186297
IRL,126.582679196979,2004,4.076667,66.6,115.601240069871
IRL,135.29399362763,2005,3.329167,70.5,126.582679196979
IRL,151.246407604221,2006,3.765,74,135.29399362763
IRL,157.594840135029,2007,4.305833,77.9,151.246407604221
IRL,145.332151871346,2008,4.525833,74.4,157.594840135029
IRL,126.625103557638,2009,5.225,70.6,145.332151871346
IRL,111.230102925848,2010,5.739167,71.8,126.625103557638
IRL,91.2746702477001,2011,9.601666,72.6,111.230102925848
IRL,78.186473257518,2012,6.171667,72.6,91.2746702477001
IRL,78.419929634664,2013,3.79,73.5,78.186473257518
IRL,90.6726924122142,2014,2.3675,79.9,78.419929634664
IRL,100,2015,1.1825,100,90.6726924122142
IRL,107.011113903521,2016,0.7358333,102,100
IRL,117.41069504331401,2017,0.8016667,111.2,107.011113903521
IRL,126.947362042423,2018,0.9508333,121.2,117.41069504331401
IRL,127.379767087187,2019,0.3333333,127.2,126.947362042423
IRL,127.27218032444,2020,-0.06083333,134.6,127.379767087187
ITA,61.4344111732043,1970,NA,NA,NA
ITA,61.612269686446,1971,NA,NA,61.4344111732043
ITA,61.0442306189469,1972,NA,NA,61.612269686446
ITA,60.4090664907573,1973,NA,NA,61.0442306189469
ITA,84.566739665968,1974,NA,NA,60.4090664907573
ITA,80.9054103006561,1975,NA,NA,84.566739665968
ITA,85.0735302857829,1976,NA,NA,80.9054103006561
ITA,85.0468560046866,1977,NA,NA,85.0735302857829
ITA,86.6023881579695,1978,NA,NA,85.0468560046866
ITA,91.9786021271904,1979,NA,NA,86.6023881579695
ITA,94.1852788143171,1980,NA,NA,91.9786021271904
ITA,109.783264738012,1981,NA,67.6,94.1852788143171
ITA,105.82170547811,1982,NA,67.9,109.783264738012
ITA,94.8999637213984,1983,NA,68.7,105.82170547811
ITA,84.272568301812,1984,NA,70.9,94.8999637213984
ITA,75.6315654893657,1985,NA,72.9,84.272568301812
ITA,73.6586610110132,1986,NA,74.9,75.6315654893657
ITA,75.9522892487195,1987,NA,77.3,73.6586610110132
ITA,79.5356807439602,1988,NA,80.6,75.9522892487195
ITA,98.1970973918919,1989,NA,83.3,79.5356807439602
ITA,112.140364307473,1990,NA,85,98.1970973918919
ITA,116.600266443016,1991,NA,86.3,112.140364307473
ITA,117.741499590047,1992,13.26575,87,116.600266443016
ITA,112.037225412786,1993,11.18692,86.3,117.741499590047
ITA,103.574518114026,1994,10.51883,88.2,112.037225412786
ITA,98.3906966943045,1995,12.20583,90.7,103.574518114026
ITA,91.3954149122189,1996,9.400666,91.7,98.3906966943045
ITA,85.4798435728691,1997,6.86025,93.4,91.3954149122189
ITA,85.6402231843464,1998,4.8825,95.1,85.4798435728691
ITA,88.9324524798798,1999,4.7275,96.6,85.6402231843464
ITA,93.3846865609238,2000,5.576083,100.3,88.9324524798798
ITA,98.5225965582994,2001,5.187083,102.3,93.3846865609238
ITA,104.877264552362,2002,5.034167,102.5,98.5225965582994
ITA,112.228197159517,2003,4.295833,102.7,104.877264552362
ITA,120.446040171399,2004,4.258675,104.1,112.228197159517
ITA,126.998563300869,2005,3.555422,105,120.446040171399
ITA,131.633807329615,2006,4.046142,106.9,126.998563300869
ITA,135.388954126213,2007,4.487258,108.4,131.633807329615
ITA,133.409943979764,2008,4.681067,107.4,135.388954126213
ITA,129.239800462032,2009,4.311183,101.7,133.409943979764
ITA,126.632173437833,2010,4.035708,103.5,129.239800462032
ITA,124.705734837608,2011,5.422758,104.2,126.632173437833
ITA,118.426415496857,2012,5.492675,101.1,124.705734837608
ITA,109.536728906529,2013,4.316425,99.2,118.426415496857
ITA,104.109518412768,2014,2.8932,99.2,109.536728906529
ITA,100,2015,1.71395,100,104.109518412768
ITA,100.141981566692,2016,1.486433,101.3,100
ITA,98.0190390679048,2017,2.112925,103,100.141981566692
ITA,96.5574081858017,2018,2.6104,103.9,98.0190390679048
ITA,95.8945954456005,2019,1.913225,104.4,96.5574081858017
ITA,98.011046076697,2020,1.1681,95,95.8945954456005
JPN,30.2340878298039,1960,NA,NA,NA
JPN,39.1677546701648,1961,NA,NA,30.2340878298039
JPN,44.2689451723731,1962,NA,NA,39.1677546701648
JPN,46.9377255168505,1963,NA,NA,44.2689451723731
JPN,51.5255386739062,1964,NA,NA,46.9377255168505
JPN,53.5994405696079,1965,NA,NA,51.5255386739062
JPN,54.8328287076635,1966,NA,NA,53.5994405696079
JPN,59.7179142217754,1967,NA,NA,54.8328287076635
JPN,66.844759451942707,1968,NA,NA,59.7179142217754
JPN,77.738576707687,1969,NA,NA,66.844759451942707
JPN,87.5243417879502,1970,NA,NA,77.738576707687
JPN,95.1986241552222,1971,NA,NA,87.5243417879502
JPN,105.452952349769,1972,NA,NA,95.1986241552222
JPN,126.154023304931,1973,NA,NA,105.452952349769
JPN,118.815102998038,1974,NA,NA,126.154023304931
JPN,102.223881527752,1975,NA,NA,118.815102998038
JPN,95.332478924294,1976,NA,NA,102.223881527752
JPN,92.503044224709,1977,NA,NA,95.332478924294
JPN,93.3700430451975,1978,NA,NA,92.503044224709
JPN,98.6320200829595,1979,NA,NA,93.3700430451975
JPN,103.782653101256,1980,NA,NA,98.6320200829595
JPN,110.146885031121,1981,NA,NA,103.782653101256
JPN,115.733953882501,1982,NA,NA,110.146885031121
JPN,119.019536637958,1983,NA,NA,115.733953882501
JPN,120.257821796057,1984,NA,NA,119.019536637958
JPN,121.327855100353,1985,NA,NA,120.257821796057
JPN,123.986168894449,1986,NA,NA,121.327855100353
JPN,132.878241580054,1987,NA,NA,123.986168894449
JPN,140.061386117723,1988,NA,NA,132.878241580054
JPN,147.95803866682,1989,5.12725,NA,140.061386117723
JPN,163.900711531785,1990,6.959917,NA,147.95803866682
JPN,166.343573252424,1991,6.336667,NA,163.900711531785
JPN,157.265090728927,1992,5.326583,NA,166.343573252424
JPN,148.974005111597,1993,4.320917,NA,157.265090728927
JPN,144.748325403942,1994,4.363333,83,148.974005111597
JPN,142.912707815818,1995,3.4435,85.2,144.748325403942
JPN,140.083186257974,1996,3.1015,87.8,142.912707815818
JPN,136.443135828084,1997,2.373667,88.7,140.083186257974
JPN,134.01682568225,1998,1.541417,87.6,136.443135828084
JPN,130.590266563702,1999,1.749,87.3,134.01682568225
JPN,126.864899757383,2000,1.744417,89.7,130.590266563702
JPN,122.910282693352,2001,1.319,90,126.864899757383
JPN,118.076167964767,2002,1.263167,90.1,122.910282693352
JPN,111.917014570796,2003,1.00325,91.5,118.076167964767
JPN,105.712759770531,2004,1.492667,93.5,111.917014570796
JPN,101.370825181886,2005,1.35475,95.1,105.712759770531
JPN,98.3667971541637,2006,1.7405,96.5,101.370825181886
JPN,97.7172938646387,2007,1.6655,97.9,98.3667971541637
JPN,97.4998183429335,2008,1.467333,96.7,97.7172938646387
JPN,93.8512622241966,2009,1.33375,91.2,97.4998183429335
JPN,96.6418225966758,2010,1.148333,94.9,93.8512622241966
JPN,97.1758686109819,2011,1.102417,94.9,96.6418225966758
JPN,96.9116712870085,2012,0.8355833,96.2,97.1758686109819
JPN,98.6564747527871,2013,0.6896667,98.2,96.9116712870085
JPN,98.1983019095581,2014,0.5203333,98.5,98.6564747527871
JPN,100,2015,0.35,100,98.1983019095581
JPN,102.557006709709,2016,-0.06625,100.8,100
JPN,104.755327116455,2017,0.05166667,102.4,102.557006709709
JPN,106.039483458843,2018,0.065,103,104.755327116455
JPN,107.239309771698,2019,-0.1104167,102.8,106.039483458843
JPN,106.994257926134,2020,-0.005416667,98.2,107.239309771698
KOR,128.390716479563,1986,NA,18.4,NA
KOR,124.214734880486,1987,NA,20.8,128.390716479563
KOR,136.006535310373,1988,NA,23.3,124.214734880486
KOR,146.272471011863,1989,NA,24.9,136.006535310373
KOR,157.068634064113,1990,NA,27.4,146.272471011863
KOR,156.241153386679,1991,NA,30.3,157.068634064113
KOR,134.807968825385,1992,NA,32.2,156.241153386679
KOR,122.114329529299,1993,NA,34.4,134.807968825385
KOR,109.609721450366,1994,NA,37.6,122.114329529299
KOR,102.914273652218,1995,NA,41.3,109.609721450366
KOR,96.9941156870145,1996,NA,44.5,102.914273652218
KOR,93.9807121463197,1997,NA,47.3,96.9941156870145
KOR,80.4375708906912,1998,NA,44.8,93.9807121463197
KOR,77.3184244053033,1999,NA,50,80.4375708906912
KOR,75.4075133718356,2000,NA,54.5,77.3184244053033
KOR,75.1640912730752,2001,6.855,57.1,75.4075133718356
KOR,84.9945435158462,2002,6.586667,61.6,75.1640912730752
KOR,89.7773834313718,2003,5.048333,63.5,84.9945435158462
KOR,87.6813595968601,2004,4.728333,66.8,89.7773834313718
KOR,86.7526878475319,2005,4.95,69.7,87.6813595968601
KOR,91.1959275912264,2006,5.151667,73.3,86.7526878475319
KOR,98.5045517503363,2007,5.350833,77.6,91.1959275912264
KOR,101.065841598357,2008,5.568333,79.9,98.5045517503363
KOR,99.5145482426169,2009,5.165833,80.6,101.065841598357
KOR,99.1288847548493,2010,4.773334,86,99.5145482426169
KOR,100.395044117026,2011,4.2025,89.2,99.1288847548493
KOR,99.5179363550041,2012,3.4475,91.4,100.395044117026
KOR,97.5411072819415,2013,3.278083,94.2,99.5179363550041
KOR,98.1372598114673,2014,3.186333,97.3,97.5411072819415
KOR,100,2015,2.30575,100,98.1372598114673
KOR,100.513540539179,2016,1.747417,102.9,100
KOR,100.00481942907,2017,2.282583,106.2,100.513540539179
KOR,100.158673122947,2018,2.50275,109.3,100.00481942907
KOR,99.3208486019622,2019,1.70225,111.7,100.158673122947
KOR,101.654273305659,2020,1.499667,110.8,99.3208486019622
LUX,84.0366111329119,2007,NA,89.8,NA
LUX,84.2119254638102,2008,NA,89.6,84.0366111329119
LUX,84.1470527204015,2009,NA,86.7,84.2119254638102
LUX,86.9669127863717,2010,2.950091,89.9,84.1470527204015
LUX,87.5863291346423,2011,2.921892,90.9,86.9669127863717
LUX,89.3333642627463,2012,1.834661,92.4,87.5863291346423
LUX,92.3462828934008,2013,1.849622,95.3,89.3333642627463
LUX,95.701125757987,2014,1.336248,97.8,92.3462828934008
LUX,100,2015,0.36428,100,95.701125757987
LUX,105.220693436246,2016,-0.177239,105,100
LUX,108.741697322413,2017,0.5027078,106.4,105.220693436246
LUX,114.252214996581,2018,0.5640635,108.5,108.741697322413
LUX,123.755366348136,2019,-0.1200168,112.1,114.252214996581
LUX,140.808108924411,2020,-0.4101667,110.1,123.755366348136
MEX,91.229780733222,2005,9.4175,80.3,NA
MEX,93.0481374284938,2006,8.388333,83.9,91.229780733222
MEX,95.0550727977418,2007,7.793334,85.8,93.0481374284938
MEX,95.5883967454476,2008,8.3125,86.8,95.0550727977418
MEX,97.4190056638338,2009,7.96375,82.2,95.5883967454476
MEX,95.225755656562,2010,6.9,86.4,97.4190056638338
MEX,95.6978960072836,2011,6.667778,89.6,95.225755656562
MEX,93.8059067188326,2012,5.598333,92.9,95.6978960072836
MEX,94.9403024191641,2013,5.6775,94.1,93.8059067188326
MEX,95.0068902398686,2014,6.014167,96.8,94.9403024191641
MEX,100,2015,5.928333,100,95.0068902398686
MEX,102.468115323615,2016,6.19375,102.6,100
MEX,105.086833464095,2017,7.248333,104.8,102.468115323615
MEX,110.147030550889,2018,7.93,107.1,105.086833464095
MEX,115.275286350253,2019,7.668334,106.9,110.147030550889
MEX,117.797499649817,2020,6.249583,98.2,115.275286350253
NLD,41.3150540555233,1970,8.010834,NA,NA
NLD,43.0759061565956,1971,7.625834,NA,41.3150540555233
NLD,43.8598685186928,1972,7.354167,NA,43.0759061565956
NLD,45.436645091411,1973,7.916667,NA,43.8598685186928
NLD,46.3021320937833,1974,9.824166,NA,45.436645091411
NLD,47.3851967535082,1975,8.786667,NA,46.3021320937833
NLD,56.8258973398488,1976,8.9525,NA,47.3851967535082
NLD,74.2340972598229,1977,8.100833,NA,56.8258973398488
NLD,77.2870089805278,1978,7.735833,NA,74.2340972598229
NLD,69.9233584609296,1979,8.775,NA,77.2870089805278
NLD,60.045436292044,1980,10.20833,NA,69.9233584609296
NLD,50.7626348813559,1981,11.5525,NA,60.045436292044
NLD,42.9635014049798,1982,10.0975,NA,50.7626348813559
NLD,42.5007209547376,1983,8.610833,NA,42.9635014049798
NLD,41.3238628132464,1984,8.328333,NA,42.5007209547376
NLD,40.402166964607,1985,7.3275,NA,41.3238628132464
NLD,42.2414760060823,1986,6.3175,NA,40.402166964607
NLD,44.0992673508283,1987,6.4025,NA,42.2414760060823
NLD,45.3977186003486,1988,6.415833,55.8,44.0992673508283
NLD,47.609676154396404,1989,7.218333,58.3,45.3977186003486
NLD,47.8951234703153,1990,8.920834,60.8,47.609676154396404
NLD,47.4213094414953,1991,8.739166,62.2,47.8951234703153
NLD,49.8521646285985,1992,8.1025,63.3,47.4213094414953
NLD,52.8081768033552,1993,6.360833,64.1,49.8521646285985
NLD,57.840851971732,1994,6.865,66,52.8081768033552
NLD,60.7247740326908,1995,6.899167,68,57.840851971732
NLD,66.0121000420757,1996,6.150833,70.4,60.7247740326908
NLD,72.2570127876607,1997,5.576667,73.5,66.0121000420757
NLD,78.680102102614,1998,4.631667,76.9,72.2570127876607
NLD,89.9044828582501,1999,4.62925,80.8,78.680102102614
NLD,103.189876963539,2000,5.403833,84.2,89.9044828582501
NLD,111.06868953062,2001,4.9575,86.1,103.189876963539
NLD,114.328368482791,2002,4.89025,86.3,111.06868953062
NLD,115.754221778519,2003,4.123167,86.4,114.328368482791
NLD,119.09463187526801,2004,4.095,88.2,115.754221778519
NLD,121.429042184469,2005,3.374,90,119.09463187526801
NLD,123.252257442108,2006,3.78075,93.1,121.429042184469
NLD,126.622667835154,2007,4.288167,96.6,123.252257442108
NLD,126.766277150162,2008,4.22675,98.7,126.622667835154
NLD,122.956324346049,2009,3.686833,95.1,126.766277150162
NLD,118.885044538084,2010,2.990083,96.3,122.956324346049
NLD,114.110558746251,2011,2.98875,97.8,118.885044538084
NLD,105.097248126114,2012,1.9335,96.8,114.110558746251
NLD,96.7741788702036,2013,1.958917,96.7,105.097248126114
NLD,96.7177173268067,2014,1.454667,98.1,96.7741788702036
NLD,100,2015,0.6903333,100,96.7177173268067
NLD,104.448425103007,2016,0.2910833,102.2,100
NLD,110.814561235055,2017,0.5220833,105.2,104.448425103007
NLD,118.688602358511,2018,0.5766667,107.6,110.814561235055
NLD,124.086372077777,2019,-0.07,109.8,118.688602358511
NLD,131.490544913114,2020,-0.3766667,105.6,124.086372077777
NZL,25.4149023420486,1970,5.5075,NA,NA
NZL,24.7276514582603,1971,5.516667,NA,25.4149023420486
NZL,26.6637588235923,1972,5.523334,NA,24.7276514582603
NZL,31.6361244267576,1973,5.796667,NA,26.6637588235923
NZL,40.4963763198581,1974,6.0825,NA,31.6361244267576
NZL,38.5196888091745,1975,6.326667,NA,40.4963763198581
NZL,34.6152823416698,1976,8.341666,NA,38.5196888091745
NZL,31.861707422412,1977,9.239166,NA,34.6152823416698
NZL,29.3607565801007,1978,9.979167,NA,31.861707422412
NZL,26.409276704753,1979,11.97909,NA,29.3607565801007
NZL,24.4204602966579,1980,13.28333,NA,26.409276704753
NZL,26.0512515479186,1981,12.8325,NA,24.4204602966579
NZL,29.5805681748729,1982,12.89333,NA,26.0512515479186
NZL,30.8081796823419,1983,12.1825,NA,29.5805681748729
NZL,31.8649793996808,1984,12.61,NA,30.8081796823419
NZL,31.1798302111092,1985,17.6575,NA,31.8649793996808
NZL,30.6951467599908,1986,16.4475,NA,31.1798302111092
NZL,32.3461057096383,1987,15.71,NA,30.6951467599908
NZL,34.6502196472423,1988,13.11583,48,32.3461057096383
NZL,34.8537229271791,1989,12.82917,48.7,34.6502196472423
NZL,34.9008177827366,1990,12.445,49.3,34.8537229271791
NZL,33.3013299443812,1991,10.11,48.2,34.9008177827366
NZL,33.0271433536453,1992,8.401667,48.6,33.3013299443812
NZL,34.155997418973,1993,6.934166,51,33.0271433536453
NZL,38.4442949256932,1994,7.630833,54.4,34.155997418973
NZL,41.1659030273876,1995,7.779167,56.7,38.4442949256932
NZL,44.4040617080185,1996,7.894166,58.8,41.1659030273876
NZL,46.5270008558174,1997,7.191667,60.5,44.4040617080185
NZL,44.9838626723535,1998,6.2875,61,46.5270008558174
NZL,45.6287813703683,1999,6.4125,63.9,44.9838626723535
NZL,44.5210519152584,2000,6.8525,66.4,45.6287813703683
NZL,44.4282416212962,2001,6.393333,68,44.5210519152584
NZL,48.1133575841891,2002,6.5275,71.5,44.4282416212962
NZL,57.2380824008585,2003,5.866667,74.7,48.1133575841891
NZL,66.5814334764657,2004,6.065834,78.1,57.2380824008585
NZL,74.563464204399,2005,5.875,80,66.5814334764657
NZL,79.7358551930005,2006,5.780833,82.1,74.563464204399
NZL,87.0076386100086,2007,6.265,85.3,79.7358551930005
NZL,80.2117383683555,2008,6.080833,85,87.0076386100086
NZL,76.8855613422274,2009,5.456666,85.3,80.2117383683555
NZL,77.4173381066042,2010,5.603333,87,76.8855613422274
NZL,75.7772163334265,2011,4.945,88.6,77.4173381066042
NZL,78.5590124541871,2012,3.685,90.9,75.7772163334265
NZL,84.9276852162366,2013,4.093333,93,78.5590124541871
NZL,89.6502965795603,2014,4.304167,95.9,84.9276852162366
NZL,100,2015,3.423333,100,89.6502965795603
NZL,113.435116590255,2016,2.761667,104,100
NZL,118.943700476256,2017,2.990833,108.2,113.435116590255
NZL,121.635125084685,2018,2.754167,112.8,118.943700476256
NZL,123.493357149515,2019,1.649167,116.5,121.635125084685
NZL,133.864596988481,2020,0.8908333,115.3,123.493357149515
NOR,31.5989518078449,1970,NA,NA,NA
NOR,30.7426331122633,1971,NA,NA,31.5989518078449
NOR,30.3033127522878,1972,NA,NA,30.7426331122633
NOR,30.7753821629799,1973,NA,NA,30.3033127522878
NOR,32.4536911916254,1974,NA,NA,30.7753821629799
NOR,32.6517812508005,1975,NA,NA,32.4536911916254
NOR,32.8452641963031,1976,NA,NA,32.6517812508005
NOR,33.3328119907211,1977,NA,NA,32.8452641963031
NOR,32.3106929213929,1978,NA,38.9,33.3328119907211
NOR,31.8966363553609,1979,NA,40.6,32.3106929213929
NOR,32.1209177214891,1980,NA,42.4,31.8966363553609
NOR,31.2979196161414,1981,NA,43.1,32.1209177214891
NOR,30.7184142479403,1982,NA,43.2,31.2979196161414
NOR,30.2980830814097,1983,NA,44.9,30.7184142479403
NOR,32.5759321213844,1984,NA,47.6,30.2980830814097
NOR,37.1629173987837,1985,12.91167,50.3,32.5759321213844
NOR,45.5344681502724,1986,13.29917,52.3,37.1629173987837
NOR,45.2287285928051,1987,13.305,53.2,45.5344681502724
NOR,44.3321962193963,1988,12.89583,53.1,45.2287285928051
NOR,39.5719351671461,1989,10.82583,53.6,44.3321962193963
NOR,35.0819587807766,1990,10.68,54.7,39.5719351671461
NOR,31.7460152090761,1991,9.996667,56.4,35.0819587807766
NOR,29.4824747156262,1992,9.606667,58.4,31.7460152090761
NOR,29.0323716528517,1993,6.880833,60,29.4824747156262
NOR,32.5431055574779,1994,7.435833,63.1,29.0323716528517
NOR,34.1374626937944,1995,7.424167,65.7,32.5431055574779
NOR,36.74652797475,1996,6.773334,69,34.1374626937944
NOR,40.1731698473965,1997,5.888333,72.7,36.74652797475
NOR,43.5379552064954,1998,5.4,74.6,40.1731698473965
NOR,47.4234035120129,1999,5.4975,76.1,43.5379552064954
NOR,53.4425346151952,2000,6.218333,78.5,47.4234035120129
NOR,55.9025526335384,2001,6.236667,80.1,53.4425346151952
NOR,57.8954889106056,2002,6.384167,81.3,55.9025526335384
NOR,57.2277247011562,2003,5.045,82,57.8954889106056
NOR,62.3109762103767,2004,4.368333,85.3,57.2277247011562
NOR,66.6923712703826,2005,3.745833,87.5,62.3109762103767
NOR,74.459990452539,2006,4.076667,89.6,66.6923712703826
NOR,82.7758028908788,2007,4.774167,92.3,74.459990452539
NOR,79.1675939146194,2008,4.458333,92.7,82.7758028908788
NOR,78.6920317302376,2009,3.998333,91.1,79.1675939146194
NOR,83.428736530777,2010,3.528333,91.8,78.6920317302376
NOR,89.1202061543276,2011,3.135,92.7,83.428736530777
NOR,94.1784235367464,2012,2.101667,95.2,89.1202061543276
NOR,96.0188966292207,2013,2.5775,96.2,94.1784235367464
NOR,96.4470023027042,2014,2.515,98.1,96.0188966292207
NOR,100,2015,1.565,100,96.4470023027042
NOR,103.827135694516,2016,1.331667,101.1,100
NOR,106.895514142555,2017,1.6375,103.4,103.827135694516
NOR,106.154510345751,2018,1.879167,104.6,106.895514142555
NOR,106.340155863943,2019,1.494167,105.4,106.154510345751
NOR,108.709014584029,2020,0.8175,104.6,106.340155863943
POL,68.5415939448284,2005,5.218333,68.4,NA
POL,92.2699264319094,2006,5.231667,72.6,68.5415939448284
POL,134.299013411325,2007,5.484334,77.8,92.2699264319094
POL,128.048443853022,2008,6.071667,81,134.299013411325
POL,121.159562284646,2009,6.120598,83.3,128.048443853022
POL,113.793043892702,2010,5.781667,86.5,121.159562284646
POL,108.494538650255,2011,5.955583,90.6,113.793043892702
POL,101.256530773397,2012,4.999283,91.8,108.494538650255
POL,96.4040010981841,2013,4.033292,92.8,101.256530773397
POL,97.4799109625782,2014,3.516211,95.9,96.4040010981841
POL,100,2015,2.700557,100,97.4799109625782
POL,102.282421927008,2016,3.035689,103.1,100
POL,104.126286856452,2017,3.42,108.1,102.282421927008
POL,109.150133319896,2018,3.198333,113.9,104.126286856452
POL,115.847204451951,2019,2.3475,119.3,109.150133319896
POL,124.100297784095,2020,1.499167,116.3,115.847204451951
PRT,115.760195354689,1988,NA,NA,NA
PRT,121.239377344989,1989,NA,NA,115.760195354689
PRT,125.004699522719,1990,NA,NA,121.239377344989
PRT,133.453915738079,1991,NA,NA,125.004699522719
PRT,137.462741445025,1992,NA,NA,133.453915738079
PRT,130.245507706724,1993,NA,NA,137.462741445025
PRT,126.105682691185,1994,10.47833,NA,130.245507706724
PRT,122.808374245479,1995,11.465,79.4,126.105682691185
PRT,121.346985397829,1996,8.559167,82.2,122.808374245479
PRT,122.04004548532,1997,6.358333,85.8,121.346985397829
PRT,124.422816717388,1998,4.8775,89.9,122.04004548532
PRT,132.300941958663,1999,4.7775,93.4,124.422816717388
PRT,137.419324871439,2000,5.595,97,132.300941958663
PRT,139.552993798638,2001,5.158333,98.9,137.419324871439
PRT,135.699406286352,2002,5.006667,99.6,139.552993798638
PRT,132.42121039672,2003,4.180083,98.7,135.699406286352
PRT,130.225178287657,2004,4.143917,100.5,132.42121039672
PRT,128.254093696099,2005,3.437917,101.3,130.225178287657
PRT,126.492103455181,2006,3.914667,102.9,128.254093696099
PRT,122.927288830406,2007,4.424141,105.5,126.492103455181
PRT,112.032555868379,2008,4.519855,105.8,122.927288830406
PRT,114.481527399547,2009,4.210149,102.5,112.032555868379
PRT,113.282902314185,2010,5.396408,104.3,114.481527399547
PRT,105.915559359736,2011,10.23912,102.5,113.282902314185
PRT,96.6691683755036,2012,10.54652,98.4,105.915559359736
PRT,94.1181921758642,2013,6.293129,97.5,96.6691683755036
PRT,97.8953123198039,2014,3.75395,98.2,94.1181921758642
PRT,100,2015,2.423333,100,97.8953123198039
PRT,106.061344582522,2016,3.171667,102,100
PRT,114.071297243196,2017,3.0525,105.6,106.061344582522
PRT,123.862703273373,2018,1.839167,108.6,114.071297243196
PRT,134.661532224077,2019,0.7575,111.5,123.862703273373
PRT,145.008675146285,2020,0.4166667,102.1,134.661532224077
SVK,80.3437269047668,2005,3.521667,69.3,NA
SVK,89.4573058438991,2006,4.411667,75.1,80.3437269047668
SVK,112.36948062135,2007,4.490833,83.3,89.4573058438991
SVK,126.86023784151,2008,4.723333,87.9,112.36948062135
SVK,110.62822387441,2009,4.706666,83.1,126.86023784151
SVK,105.145377891394,2010,3.871667,88.4,110.62822387441
SVK,99.7300288710937,2011,4.415,90.7,105.145377891394
SVK,93.7557573932493,2012,4.5525,91.9,99.7300288710937
SVK,93.3939867256762,2013,3.1875,92.5,93.7557573932493
SVK,94.8273705092557,2014,2.070833,95,93.3939867256762
SVK,100,2015,0.885,100,94.8273705092557
SVK,106.987136502528,2016,0.5433334,101.9,100
SVK,111.828286736574,2017,0.9166667,105,106.987136502528
SVK,117.313436409797,2018,0.8858333,109,111.828286736574
SVK,124.5984085629,2019,0.2475,111.8,117.313436409797
SVK,133.548610598522,2020,-0.0375,106.9,124.5984085629
ESP,35.1406360373133,1971,NA,NA,NA
ESP,34.5808718170663,1972,NA,NA,35.1406360373133
ESP,37.708192692673,1973,NA,NA,34.5808718170663
ESP,43.6982589437405,1974,NA,NA,37.708192692673
ESP,40.8746040349136,1975,NA,NA,43.6982589437405
ESP,40.9199795410634,1976,NA,NA,40.8746040349136
ESP,45.2020008955675,1977,NA,NA,40.9199795410634
ESP,50.3900006324774,1978,NA,NA,45.2020008955675
ESP,45.6664088980952,1979,NA,NA,50.3900006324774
ESP,41.322794568209,1980,15.96083,NA,45.6664088980952
ESP,38.4796566826781,1981,15.81167,NA,41.322794568209
ESP,34.7104905262915,1982,15.9875,NA,38.4796566826781
ESP,36.8837236159005,1983,16.90917,NA,34.7104905262915
ESP,35.8874251919464,1984,16.5225,NA,36.8837236159005
ESP,36.5213765189302,1985,13.3675,NA,35.8874251919464
ESP,38.4776491706806,1986,11.35417,NA,36.5213765189302
ESP,51.3401208918579,1987,12.81333,NA,38.4776491706806
ESP,62.0410359121393,1988,11.74417,NA,51.3401208918579
ESP,71.8404503310686,1989,13.60058,NA,62.0410359121393
ESP,77.9261949264633,1990,14.6775,NA,71.8404503310686
ESP,83.4017336689933,1991,12.36055,NA,77.9261949264633
ESP,77.7490367882436,1992,11.69519,NA,83.4017336689933
ESP,73.6056787159245,1993,10.21079,NA,77.7490367882436
ESP,71.2528736487069,1994,9.997791,NA,73.6056787159245
ESP,70.340616919139,1995,11.27094,66.5,71.2528736487069
ESP,70.1785061152543,1996,8.736462,68.2,70.340616919139
ESP,71.1958578783124,1997,6.401535,70.8,70.1785061152543
ESP,73.4419762738818,1998,4.832926,73.9,71.1958578783124
ESP,76.9296944592066,1999,4.727312,77.2,73.4419762738818
ESP,79.4047198817189,2000,5.525866,81.2,76.9296944592066
ESP,83.9527122436068,2001,5.115284,84.4,79.4047198817189
ESP,95.5899405105071,2002,4.957641,86.7,83.9527122436068
ESP,111.112610484226,2003,4.123044,89.3,95.5899405105071
ESP,127.022855368819,2004,4.104143,92.1,111.112610484226
ESP,140.884048883541,2005,3.386349,95.5,127.022855368819
ESP,154.591494890301,2006,3.78431,99.4,140.884048883541
ESP,164.245951371466,2007,4.306627,103,154.591494890301
ESP,156.297609240696,2008,4.363732,103.9,164.245951371466
ESP,147.370343952121,2009,3.974298,100,156.297609240696
ESP,141.963979569602,2010,4.250001,100.1,147.370343952121
ESP,128.101540339642,2011,5.436894,99.3,141.963979569602
ESP,106.994370387168,2012,5.846537,96.4,128.101540339642
ESP,96.2792034199851,2013,4.561962,95,106.994370387168
ESP,96.4547825971039,2014,2.721831,96.3,96.2792034199851
ESP,100,2015,1.735087,100,96.4547825971039
ESP,104.450180062514,2016,1.393302,103,100
ESP,109.24624605356,2017,1.557866,106.1,104.450180062514
ESP,114.944144169912,2018,1.419352,108.5,109.24624605356
ESP,119.665685819382,2019,0.6610183,110.8,114.944144169912
ESP,122.38650017231,2020,0.3794776,98.8,119.665685819382
SWE,46.9758739244092,1970,NA,38.9,NA
SWE,45.9369573434051,1971,NA,39.1,46.9758739244092
SWE,46.3889859905961,1972,NA,40.1,45.9369573434051
SWE,46.2670526713336,1973,NA,41.7,46.3889859905961
SWE,45.7297806602636,1974,NA,43.1,46.2670526713336
SWE,48.6295575263282,1975,NA,44.3,45.7297806602636
SWE,50.7404213473295,1976,NA,44.4,48.6295575263282
SWE,53.0890327280125,1977,NA,43.7,50.7404213473295
SWE,54.1709859134902,1978,NA,44.6,53.0890327280125
SWE,55.7066457741887,1979,NA,46.4,54.1709859134902
SWE,52.3289057265217,1980,NA,47.1,55.7066457741887
SWE,47.8181755099467,1981,NA,47,52.3289057265217
SWE,43.4825057146429,1982,NA,47.6,47.8181755099467
SWE,39.3372834790061,1983,NA,48.5,43.4825057146429
SWE,37.5514776906299,1984,NA,50.6,39.3372834790061
SWE,36.5120108764623,1985,NA,51.7,37.5514776906299
SWE,37.1166958901808,1986,NA,53.1,36.5120108764623
SWE,39.761026769919,1987,11.68,54.9,37.1166958901808
SWE,44.2635887312541,1988,11.35167,56.4,39.761026769919
SWE,49.2690150145577,1989,11.18,57.9,44.2635887312541
SWE,50.1536531223098,1990,13.15917,58.5,49.2690150145577
SWE,48.4878288085,1991,10.69083,57.9,50.1536531223098
SWE,42.9403654152244,1992,10.01667,57.2,48.4878288085
SWE,36.2202456307925,1993,8.539166,56.1,42.9403654152244
SWE,36.8777496651311,1994,9.495,58.3,36.2202456307925
SWE,35.8890968662028,1995,10.24417,60.5,36.8777496651311
SWE,35.8954654993793,1996,8.026667,61.5,35.8890968662028
SWE,37.7551027793842,1997,6.614167,63.4,35.8954654993793
SWE,41.1555908983852,1998,4.989167,66.1,37.7551027793842
SWE,44.3772615135171,1999,4.98,68.9,41.1555908983852
SWE,48.9149653722464,2000,5.3675,72.2,44.3772615135171
SWE,51.7221144623815,2001,5.1075,73.3,48.9149653722464
SWE,54.0962525820097,2002,5.303333,74.9,51.7221144623815
SWE,56.5797757219191,2003,4.638333,76.6,54.0962525820097
SWE,61.5638067981581,2004,4.425,79.9,56.5797757219191
SWE,66.5753834104764,2005,3.3825,82.2,61.5638067981581
SWE,74.1694646611828,2006,3.704167,86,66.5753834104764
SWE,80.807418781284,2007,4.1675,89,74.1694646611828
SWE,81.1178790156331,2008,3.8875,88.6,80.807418781284
SWE,80.7158305527475,2009,3.25,84.8,81.1178790156331
SWE,85.9804193215907,2010,2.893333,89.8,80.7158305527475
SWE,85.4465997798229,2011,2.605,92.7,85.9804193215907
SWE,83.8025137084626,2012,1.5925,92.1,85.4465997798229
SWE,85.8531422340437,2013,2.120833,93.2,83.8025137084626
SWE,91.1477529797841,2014,1.72,95.7,85.8531422340437
SWE,100,2015,0.7191667,100,91.1477529797841
SWE,107.548446566102,2016,0.5191666,102.1,100
SWE,114.35558935568,2017,0.655,104.7,107.548446566102
SWE,111.931090789244,2018,0.6516666,106.7,114.35558935568
SWE,112.033367547905,2019,0.04666667,108.9,111.931090789244
SWE,118.259516378058,2020,-0.03833333,105.6,112.033367547905
CHE,63.8734882957658,1970,5.715833,NA,NA
CHE,68.4177208574558,1971,5.265833,NA,63.8734882957658
CHE,76.5815675087643,1972,4.963333,NA,68.4177208574558
CHE,82.9388660368839,1973,5.594167,NA,76.5815675087643
CHE,75.6256129836494,1974,7.129167,NA,82.9388660368839
CHE,65.4115948139831,1975,6.435833,NA,75.6256129836494
CHE,61.3020252542766,1976,4.9825,NA,65.4115948139831
CHE,60.9793193028961,1977,4.045,NA,61.3020252542766
CHE,63.2580361880289,1978,3.326667,NA,60.9793193028961
CHE,65.6524238585212,1979,3.4525,NA,63.2580361880289
CHE,69.0127919139677,1980,4.7625,53.9,65.6524238585212
CHE,71.7522472613644,1981,5.57,54.8,69.0127919139677
CHE,71.1968271624932,1982,4.598333,54,71.7522472613644
CHE,71.740472935226,1983,4.174167,54.4,71.1968271624932
CHE,73.5265979039829,1984,4.552917,56,71.740472935226
CHE,75.1330005678139,1985,4.700083,58.1,73.5265979039829
CHE,78.6276408904839,1986,4.229917,59.2,75.1330005678139
CHE,83.317920553035,1987,4.03275,60.1,78.6276408904839
CHE,94.1128410794901,1988,4.01975,62.1,83.317920553035
CHE,102.893091310425,1989,5.197333,64.8,94.1128410794901
CHE,97.5483630477689,1990,6.449417,67.1,102.893091310425
CHE,91.0584239568556,1991,6.239657,66.5,97.5483630477689
CHE,83.8886040486309,1992,6.398413,66.5,91.0584239568556
CHE,77.5468073510316,1993,4.552369,66.4,83.8886040486309
CHE,77.5973866212754,1994,4.958611,67.3,77.5468073510316
CHE,73.6013232781209,1995,4.521454,67.6,77.5973866212754
CHE,69.1738081467774,1996,3.998025,67.9,73.6013232781209
CHE,66.2895680617757,1997,3.356441,69.5,69.1738081467774
CHE,65.7101634074716,1998,3.044583,71.6,66.2895680617757
CHE,65.5017425324571,1999,3.039333,72.8,65.7101634074716
CHE,64.869279570808,2000,3.925083,75.7,65.5017425324571
CHE,65.2066370545664,2001,3.38175,76.9,64.869279570808
CHE,65.4364424612373,2002,3.198917,76.9,65.2066370545664
CHE,65.6241297352101,2003,2.65875,76.9,65.4364424612373
CHE,67.6433122087443,2004,2.740167,79.1,65.6241297352101
CHE,69.4210865018937,2005,2.0955,81.3,67.6433122087443
CHE,72.6554093538666,2006,2.517083,84.6,69.4210865018937
CHE,75.7509268300431,2007,2.92675,88,72.6554093538666
CHE,77.1415934546335,2008,2.896833,90.4,75.7509268300431
CHE,78.0249810502406,2009,2.202667,88.5,77.1415934546335
CHE,79.897986669368,2010,1.631667,91.4,78.0249810502406
CHE,85.3735820215691,2011,1.471667,93.2,79.897986669368
CHE,90.3644418821701,2012,0.6466666,94.3,85.3735820215691
CHE,93.3517534120759,2013,0.9491667,96,90.3644418821701
CHE,96.1133040104294,2014,0.6925,98.4,93.3517534120759
CHE,100,2015,-0.06916667,100,96.1133040104294
CHE,101.814021746937,2016,-0.362,102,100
CHE,102.959814737245,2017,-0.07208333,103.7,101.814021746937
CHE,104.777357130309,2018,0.03316667,106.7,102.959814737245
CHE,108.938668079337,2019,-0.489,108,104.777357130309
CHE,114.309612485164,2020,-0.5238333,105.4,108.938668079337
TUR,83.6901320423596,2010,NA,71.1,NA
TUR,83.2225027343218,2011,NA,79,83.6901320423596
TUR,84.3006554808892,2012,NA,82.8,83.2225027343218
TUR,88.511080837976,2013,NA,89.8,84.3006554808892
TUR,93.2095933853434,2014,NA,94.3,88.511080837976
TUR,100,2015,NA,100,93.2095933853434
TUR,106.769362985565,2016,NA,103.3,100
TUR,105.895717800122,2017,NA,111.1,106.769362985565
TUR,99.8012134281141,2018,NA,114.4,105.895717800122
TUR,91.136341483023,2019,NA,115.4,99.8012134281141
TUR,99.0873873602781,2020,NA,117.5,91.136341483023
GBR,22.7921013842242,1969,8.83,36.3,NA
GBR,22.7368583394483,1970,8.634167,37.3,22.7921013842242
GBR,23.3916555646366,1971,7.868333,38.6,22.7368583394483
GBR,29.2091396470459,1972,8.375,40.3,23.3916555646366
GBR,36.8831672740981,1973,10.55833,42.9,29.2091396470459
GBR,33.7310152559412,1974,14.20667,41.8,36.8831672740981
GBR,28.8855122720612,1975,13.18167,41.2,33.7310152559412
GBR,26.8478067212303,1976,13.61,42.5,28.8855122720612
GBR,24.9573669498758,1977,12.0275,43.5,26.8478067212303
GBR,26.3560353731247,1978,12.065,45.3,24.9573669498758
GBR,30.0162695790931,1979,12.94583,47,26.3560353731247
GBR,31.0589321005965,1980,13.91333,46,30.0162695790931
GBR,29.2117132127125,1981,14.88333,45.7,31.0589321005965
GBR,27.413324812896,1982,13.085,46.6,29.2117132127125
GBR,28.9993788304102,1983,11.26833,48.6,27.413324812896
GBR,30.2030281497288,1984,11.1275,49.6,28.9993788304102
GBR,31.3231300125628,1985,10.97,51.7,30.2030281497288
GBR,34.4086044720848,1986,10.135,53.3,31.3231300125628
GBR,38.8934264321949,1987,9.570833,56.2,34.4086044720848
GBR,47.7231796701432,1988,9.675834,59.4,38.8934264321949
GBR,53.99539604766,1989,10.19083,60.8,47.7231796701432
GBR,50.2973637348176,1990,11.8025,61.2,53.99539604766
GBR,45.3385798318482,1991,10.105,60.5,50.2973637348176
GBR,42.0302642052081,1992,9.063334,60.7,45.3385798318482
GBR,40.4120146853479,1993,7.479609,62.1,42.0302642052081
GBR,40.8267688681859,1994,8.1221,64.4,40.4120146853479
GBR,39.8721100424007,1995,8.200283,66,40.8267688681859
GBR,39.9150855817374,1996,7.810184,67.6,39.8721100424007
GBR,42.6206874004661,1997,7.052592,70.9,39.9150855817374
GBR,46.797199131547,1998,5.550958,73.2,42.6206874004661
GBR,51.6501981026304,1999,5.093525,75.4,46.797199131547
GBR,59.0138410086829,2000,5.328975,78.1,51.6501981026304
GBR,63.2764871166119,2001,4.9295,79.8,59.0138410086829
GBR,73.1380974731593,2002,4.894242,81.5,63.2764871166119
GBR,83.433640332445,2003,4.526592,83.9,73.1380974731593
GBR,91.6179751779096,2004,4.882267,85.9,83.433640332445
GBR,95.446118984878,2005,4.413892,88.1,91.6179751779096
GBR,100.305231903429,2006,4.501675,90.4,95.446118984878
GBR,107.510973422312,2007,5.011275,92.5,100.305231903429
GBR,99.1928972383318,2008,4.590725,92.2,107.510973422312
GBR,89.7621520055338,2009,3.647517,88.3,99.1928972383318
GBR,93.7791872833499,2010,3.624425,90.2,89.7621520055338
GBR,89.087221712222,2011,3.135992,91.5,93.7791872833499
GBR,87.844922183164,2012,1.918042,92.9,89.087221712222
GBR,88.1966731294349,2013,2.389783,94.6,87.844922183164
GBR,93.9618054459795,2014,2.569083,97.4,88.1966731294349
GBR,100,2015,1.901033,100,93.9618054459795
GBR,105.792558429899,2016,1.305208,102.3,100
GBR,108.664741763505,2017,1.235808,104.4,105.792558429899
GBR,110.02996478298,2018,1.460658,106.2,108.664741763505
GBR,109.621587986344,2019,0.935825,107.9,110.02996478298
GBR,110.959363762493,2020,0.3744417,97.8,109.621587986344
USA,55.6006662622707,1970,7.348333,28.5,NA
USA,57.6387819233232,1971,6.159167,29.4,55.6006662622707
USA,59.7408133634512,1972,6.21,31,57.6387819233232
USA,63.4025039882854,1973,6.8425,32.7,59.7408133634512
USA,62.6950917912738,1974,7.5575,32.5,63.4025039882854
USA,61.4990952774573,1975,7.9875,32.5,62.6950917912738
USA,61.88096981016,1976,7.611667,34.2,61.4990952774573
USA,64.3998427251686,1977,7.419167,35.8,61.88096981016
USA,68.2599307778975,1978,8.41,37.8,64.3998427251686
USA,71.0269566528233,1979,9.4425,39,68.2599307778975
USA,69.2362050036589,1980,11.46,38.9,71.0269566528233
USA,66.9686050159156,1981,13.91083,39.9,69.2362050036589
USA,65.3611125921753,1982,13.00167,39.2,66.9686050159156
USA,65.0376317896648,1983,11.105,41,65.3611125921753
USA,65.5834849563983,1984,12.43833,43.9,65.0376317896648
USA,67.1475562997635,1985,10.62333,45.8,65.5834849563983
USA,70.8075871763086,1986,7.6825,47.3,67.1475562997635
USA,74.0952199308769,1987,8.384167,49,70.8075871763086
USA,75.8458909748591,1988,8.845834,51,74.0952199308769
USA,76.8151038274124,1989,8.498333,52.9,75.8458909748591
USA,75.503697141164,1990,8.55,53.9,76.8151038274124
USA,73.7152607172717,1991,7.858333,53.8,75.503697141164
USA,73.5861506282653,1992,7.01,55.7,73.7152607172717
USA,73.5211211122876,1993,5.873333,57.3,73.5861506282653
USA,74.4140943283328,1994,7.08,59.6,73.5211211122876
USA,74.7538496267697,1995,6.58,61.2,74.4140943283328
USA,75.3156634428527,1996,6.438334,63.5,74.7538496267697
USA,76.115490185371,1997,6.3525,66.3,75.3156634428527
USA,79.1519971657935,1998,5.264167,69.3,76.115490185371
USA,82.7706704614064,1999,5.636667,72.6,79.1519971657935
USA,86.1264603363821,2000,6.029167,75.5,82.7706704614064
USA,90.2609433873673,2001,5.0175,76.3,86.1264603363821
USA,95.3562579101194,2002,4.610833,77.6,90.2609433873673
USA,100.549116009227,2003,4.015,79.7,95.3562579101194
USA,107.381848733863,2004,4.274167,82.8,100.549116009227
USA,115.304585104295,2005,4.29,85.7,107.381848733863
USA,118.712449857374,2006,4.791667,88.1,115.304585104295
USA,115.704661822247,2007,4.629167,89.8,118.712449857374
USA,103.203258655802,2008,3.666667,90,115.704661822247
USA,97.313081637416,2009,3.256667,87.6,103.203258655802
USA,92.7678017582703,2010,3.214167,90,97.313081637416
USA,86.6257759870509,2011,2.785833,91.4,92.7678017582703
USA,87.3711060111999,2012,1.8025,93.5,86.6257759870509
USA,92.1930854906244,2013,2.350833,95.2,87.3711060111999
USA,95.284739282687,2014,2.540833,97.4,92.1930854906244
USA,100,2015,2.135833,100,95.284739282687
USA,104.600163147635,2016,1.841667,101.7,100
USA,109.088995913875,2017,2.33,104,104.600163147635
USA,113.472949690067,2018,2.91,107,109.088995913875
USA,117.526002013663,2019,2.144167,109.4,113.472949690067
USA,125.284848343131,2020,0.8941666,105.7,117.526002013663
BRA,156.920699163804,2008,NA,88,NA
BRA,149.16093951898,2009,NA,87.9,156.920699163804
BRA,141.101333946966,2010,NA,94.5,149.16093951898
BRA,132.436464189753,2011,NA,98.3,141.101333946966
BRA,123.034282474013,2012,NA,100.1,132.436464189753
BRA,115.731631600371,2013,NA,103.2,123.034282474013
BRA,107.941027284945,2014,NA,103.7,115.731631600371
BRA,100,2015,NA,100,107.941027284945
BRA,92.0610597841209,2016,NA,96.7,100
BRA,90.0204348182199,2017,NA,98,92.0610597841209
BRA,87.2316967028016,2018,NA,99.8,90.0204348182199
BRA,84.8542864670752,2019,NA,101,87.2316967028016
BRA,82.7061472812632,2020,NA,97.1,84.8542864670752
CHL,55.9387599313146,2002,NA,NA,NA
CHL,57.5802331933846,2003,NA,60.6,55.9387599313146
CHL,60.4248746486063,2004,NA,64.9,57.5802331933846
CHL,61.6782340535036,2005,6.049167,68.7,60.4248746486063
CHL,63.4211048071066,2006,6.16,73,61.6782340535036
CHL,66.5633013785314,2007,6.0875,76.6,63.4211048071066
CHL,67.7109493738824,2008,7.10119,79.3,66.5633013785314
CHL,68.2835649125033,2009,5.665295,78,67.7109493738824
CHL,71.2150637643834,2010,6.252874,82.6,68.2835649125033
CHL,76.5041206025337,2011,5.969645,87.7,71.2150637643834
CHL,81.2643157602047,2012,5.42557,92.3,76.5041206025337
CHL,86.3675715021305,2013,5.308737,96.1,81.2643157602047
CHL,92.0205582495162,2014,4.736615,97.7,86.3675715021305
CHL,100,2015,4.480221,100,92.0205582495162
CHL,103.256118570281,2016,4.405277,101.7,100
CHL,109.265317745343,2017,4.244958,102.9,103.256118570281
CHL,116.409984851858,2018,4.497857,106.7,109.265317745343
CHL,124.132067166648,2019,3.577887,107.7,116.409984851858
CHL,129.268329952158,2020,2.798563,101.5,124.132067166648
CHN,96.8809968983903,2010,NA,NA,NA
CHN,99.0062668696988,2011,NA,NA,96.8809968983903
CHN,95.6749799298017,2012,NA,NA,99.0062668696988
CHN,99.9807418008288,2013,NA,NA,95.6749799298017
CHN,102.703728713961,2014,NA,NA,99.9807418008288
CHN,100,2015,NA,NA,102.703728713961
CHN,109.877253197416,2016,NA,NA,100
CHN,122.489169003448,2017,NA,NA,109.877253197416
CHN,127.065263678265,2018,NA,NA,122.489169003448
CHN,128.317787586069,2019,NA,NA,127.065263678265
CHN,129.746113826844,2020,NA,NA,128.317787586069
COL,69.5836663617602,1988,NA,NA,NA
COL,73.7118413529308,1989,NA,NA,69.5836663617602
COL,72.388207240643,1990,NA,NA,73.7118413529308
COL,66.9708074803232,1991,NA,NA,72.388207240643
COL,62.8815146607645,1992,NA,NA,66.9708074803232
COL,63.7589624034946,1993,NA,NA,62.8815146607645
COL,71.9434010398352,1994,NA,NA,63.7589624034946
COL,78.6236669309733,1995,NA,NA,71.9434010398352
COL,79.3615569359808,1996,NA,NA,78.6236669309733
COL,74.8135750979149,1997,NA,NA,79.3615569359808
COL,70.953813479054,1998,NA,NA,74.8135750979149
COL,62.570482119626,1999,NA,NA,70.953813479054
COL,57.6506033152307,2000,NA,NA,62.570482119626
COL,55.6483208011466,2001,NA,NA,57.6506033152307
COL,52.7030033040116,2002,NA,NA,55.6483208011466
COL,50.7540463659715,2003,15.23316,NA,52.7030033040116
COL,52.6479196066311,2004,14.32949,NA,50.7540463659715
COL,54.7108735268595,2005,11.64633,64,52.6479196066311
COL,58.6433724387768,2006,9.176215,68.3,54.7108735268595
COL,65.2385592757158,2007,10.0247,72.9,58.6433724387768
COL,72.1399909387385,2008,11.90042,75.3,65.2385592757158
COL,75.7090183235917,2009,9.560506,76.1,72.1399909387385
COL,79.6524397594592,2010,8.476134,79.6,75.7090183235917
COL,81.4781531084038,2011,8.103227,85.1,79.6524397594592
COL,86.7656644156254,2012,6.820576,88.4,81.4781531084038
COL,92.9160926869286,2013,6.497984,92.9,86.7656644156254
COL,97.4221433913554,2014,7.056633,97.1,92.9160926869286
COL,100,2015,7.871916,100,97.4221433913554
COL,103.978163409546,2016,7.9225,102.1,100
COL,107.288204636661,2017,6.816667,103.5,103.978163409546
COL,109.520540694843,2018,7.009167,106.1,107.288204636661
COL,111.513720875043,2019,6.4975,109.6,109.520540694843
COL,112.402451111322,2020,6.333333,102.2,111.513720875043
EST,84.1518296129294,2005,NA,86.6,NA
EST,119.288879357433,2006,NA,95.1,84.1518296129294
EST,133.719344244886,2007,NA,102.3,119.288879357433
EST,112.086244074361,2008,NA,97,133.719344244886
EST,71.0557911914885,2009,NA,82.8,112.086244074361
EST,72.029432327838,2010,NA,84.8,71.0557911914885
EST,74.4358767515264,2011,NA,91,72.029432327838
EST,76.8340388453566,2012,NA,93.9,74.4358767515264
EST,82.4804213243012,2013,NA,95.3,76.8340388453566
EST,93.2072514688557,2014,NA,98.2,82.4804213243012
EST,100,2015,NA,100,93.2072514688557
EST,103.397986149962,2016,NA,103.2,100
EST,104.649496406361,2017,NA,109.1,103.397986149962
EST,107.05040174275899,2018,NA,113.6,104.649496406361
EST,111.609106428186,2019,NA,118.3,107.05040174275899
EST,119.202398524917,2020,NA,114.8,111.609106428186
IND,57.5769062097679,2009,NA,NA,NA
IND,62.898863313052,2010,NA,NA,57.5769062097679
IND,69.3680372860147,2011,NA,NA,62.898863313052
IND,79.4744888385967,2012,8.259556,82,69.3680372860147
IND,84.442018827143,2013,8.109959,87,79.4744888385967
IND,91.235870496194,2014,8.586291,93,84.442018827143
IND,100,2015,7.776181,100,91.235870496194
IND,102.72981257516,2016,7.205917,109,100
IND,107.422335939771,2017,6.92425,115.7,102.72981257516
IND,109.143047621154,2018,7.704333,124.1,107.422335939771
IND,108.390798634225,2019,6.993,130.1,109.143047621154
IND,106.961263111523,2020,6.1575,121,108.390798634225
IDN,156.252197738879,2002,NA,49.6,NA
IDN,154.228554677268,2003,NA,52,156.252197738879
IDN,150.646793604534,2004,NA,54.6,154.228554677268
IDN,140.244223170507,2005,NA,57.7,150.646793604534
IDN,129.761775628621,2006,NA,60.9,140.244223170507
IDN,116.156578921447,2007,NA,64.7,129.761775628621
IDN,104.792465815689,2008,NA,68.6,116.156578921447
IDN,100.663898790546,2009,NA,71.8,104.792465815689
IDN,96.1675986710057,2010,NA,76.4,100.663898790546
IDN,93.9447834630961,2011,NA,81.1,96.1675986710057
IDN,92.4976026738122,2012,NA,86,93.9447834630961
IDN,97.900201185088,2013,NA,90.8,92.4976026738122
IDN,99.0871308053553,2014,NA,95.4,97.900201185088
IDN,100,2015,NA,100,99.0871308053553
IDN,100.060775209731,2016,NA,105,100
IDN,99.8368311399361,2017,NA,110.4,100.060775209731
IDN,99.7901632327369,2018,NA,116.1,99.8368311399361
IDN,98.5152654323095,2019,NA,121.9,99.7901632327369
IDN,98.1135265731642,2020,NA,119.4,98.5152654323095
ISR,65.3533078994372,1994,NA,NA,NA
ISR,68.3024012452235,1995,NA,46.8,65.3533078994372
ISR,73.8267437799327,1996,NA,49.5,68.3024012452235
ISR,75.8799841327413,1997,4.065,51.4,73.8267437799327
ISR,74.5715044725734,1998,4.925,53.6,75.8799841327413
ISR,73.6162128098653,1999,5.199167,55.5,74.5715044725734
ISR,68.8585325853625,2000,5.475833,60.5,73.6162128098653
ISR,66.0346900978001,2001,6.42648,60.4,68.8585325853625
ISR,66.6305789635715,2002,9.233088,60.3,66.0346900978001
ISR,62.6021469139662,2003,8.884284,61,66.6305789635715
ISR,61.8270543846832,2004,7.561666,64,62.6021469139662
ISR,60.9785088196641,2005,6.361667,66.6,61.8270543846832
ISR,59.8619399288471,2006,6.314167,70.4,60.9785088196641
ISR,58.2095677432431,2007,5.554167,74.7,59.8619399288471
ISR,59.5064344871165,2008,5.923333,77.3,58.2095677432431
ISR,66.3437672471947,2009,5.063334,78.1,59.5064344871165
ISR,75.8384523816671,2010,4.684166,82.4,66.3437672471947
ISR,81.5088841300861,2011,4.98,87.1,75.8384523816671
ISR,82.7183723382196,2012,4.399167,89.6,81.5088841300861
ISR,88.749519390809,2013,3.795833,93.9,82.7183723382196
ISR,94.1879933923335,2014,2.885833,98,88.749519390809
ISR,100,2015,2.07,100,94.1879933923335
ISR,108.117213979528,2016,1.879167,104.5,100
ISR,112.043792180703,2017,1.909167,109,108.117213979528
ISR,109.775007226243,2018,1.994167,113.5,112.043792180703
ISR,111.00179879402,2019,1.468333,117.7,109.775007226243
ISR,114.743690793365,2020,0.7775,115.3,111.00179879402
LVA,138.114115829692,2006,4.133333,96.8,NA
LVA,168.495391413981,2007,5.2825,106.4,138.114115829692
LVA,150.457097015423,2008,6.431667,103,168.495391413981
LVA,97.6815576720687,2009,12.3575,88.3,150.457097015423
LVA,89.1640874202778,2010,10.3375,84.4,97.6815576720687
LVA,92.7000669047679,2011,5.9075,86.5,89.1640874202778
LVA,92.4522463122642,2012,4.565,92.6,92.7000669047679
LVA,98.3362857501745,2013,3.34,94.5,92.4522463122642
LVA,102.911432393181,2014,2.508333,96.3,98.3362857501745
LVA,100,2015,0.9633333,100,102.911432393181
LVA,107.212145174624,2016,0.5341667,102.4,100
LVA,112.956759199306,2017,0.8341666,105.8,107.212145174624
LVA,120.129652635725,2018,0.9025,110,112.956759199306
LVA,127.025239935559,2019,0.3425,112.7,120.129652635725
LVA,130.624299444587,2020,-0.0625,108.6,127.025239935559
LTU,125.889904465985,2006,4.080833,84.1,NA
LTU,150.368465099752,2007,4.545833,93.5,125.889904465985
LTU,147.801147669584,2008,5.6075,95.9,150.368465099752
LTU,99.165048379154,2009,14.00417,81.7,147.801147669584
LTU,90.4903842767107,2010,5.566667,83,99.165048379154
LTU,92.45193395136,2011,5.16,88,90.4903842767107
LTU,89.4405988417315,2012,4.830833,91.4,92.45193395136
LTU,89.7493201677183,2013,3.831667,94.7,89.4405988417315
LTU,95.519684030126,2014,2.7925,98,89.7493201677183
LTU,100,2015,1.380833,100,95.519684030126
LTU,104.412017520698,2016,0.8983333,102.5,100
LTU,109.859681163743,2017,0.31,106.9,104.412017520698
LTU,114.848148893274,2018,0.31,111.2,109.859681163743
LTU,120.162174430251,2019,0.31,116.3,114.848148893274
LTU,127.858002266887,2020,0.2233333,116.1,120.162174430251
RUS,73.2342436591075,2001,19.38333,NA,NA
RUS,79.5618537668508,2002,15.82417,NA,73.2342436591075
RUS,88.2880446194964,2003,9.115,68.7,79.5618537668508
RUS,99.1455287068319,2004,8.289166,73.7,88.2880446194964
RUS,106.586721928029,2005,8.1075,78.4,99.1455287068319
RUS,129.735004653871,2006,6.976666,84.7,106.586721928029
RUS,167.389937091658,2007,6.7175,92,129.735004653871
RUS,173.917476355654,2008,7.523334,96.8,167.389937091658
RUS,149.440051639544,2009,9.874166,89.2,173.917476355654
RUS,138.073065649761,2010,7.831666,93.3,149.440051639544
RUS,113.242833986854,2011,8.060833,95.7,138.073065649761
RUS,115.525548839047,2012,8.154166,99.5,113.242833986854
RUS,116.24644791385,2013,7.330833,101.3,115.525548839047
RUS,111.391414144167,2014,8.464167,102,116.24644791385
RUS,100,2015,10.88667,100,111.391414144167
RUS,96.1924267838847,2016,10.43833,100.2,100
RUS,99.0477676290709,2017,8.9925,102,96.1924267838847
RUS,102.309393837903,2018,NA,104.9,99.0477676290709
RUS,101.831389642323,2019,NA,107,102.309393837903
RUS,118.880775724895,2020,NA,103.9,101.831389642323
SVN,136.631697643361,2007,4.529167,101,NA
SVN,138.474527117237,2008,4.606667,104.5,136.631697643361
SVN,124.291208721463,2009,4.375,96.7,138.474527117237
SVN,122.666428952783,2010,3.8325,98,124.291208721463
SVN,123.801961525615,2011,4.970833,98.8,122.666428952783
SVN,113.320969734771,2012,5.808333,96.2,123.801961525615
SVN,105.136802422615,2013,5.811666,95.2,113.320969734771
SVN,98.6074415909874,2014,3.27,97.8,105.136802422615
SVN,100,2015,1.706667,100,98.6074415909874
SVN,103.631776326308,2016,1.149167,103.2,100
SVN,110.483501351014,2017,0.96,108.2,103.631776326308
SVN,117.810080437933,2018,0.9308333,112.9,110.483501351014
SVN,124.036951876266,2019,0.275,116.6,117.810080437933
SVN,130.517607139581,2020,0.07916667,111.7,124.036951876266
ZAF,66.5177315719712,1966,6.25,26.8,NA
ZAF,76.4297225192543,1967,6.5,28.7,66.5177315719712
ZAF,79.4030926031958,1968,6.5,29.9,76.4297225192543
ZAF,84.0279620651215,1969,6.5,31.3,79.4030926031958
ZAF,92.0267013738074,1970,7.145833,33,84.0279620651215
ZAF,91.8594115014708,1971,8.375,34.4,92.0267013738074
ZAF,89.8436562791063,1972,8.353333,35,91.8594115014708
ZAF,93.8351006358253,1973,7.8325,36.6,89.8436562791063
ZAF,93.0619957002273,1974,8.958333,38.8,93.8351006358253
ZAF,85.7950004055805,1975,9.708333,39.5,93.0619957002273
ZAF,82.1794678425609,1976,10.43667,40.4,85.7950004055805
ZAF,74.3275859976535,1977,11.00833,40.3,82.1794678425609
ZAF,71.2145054271501,1978,10.39583,41.5,74.3275859976535
ZAF,70.9615204894463,1979,9.26,43.1,71.2145054271501
ZAF,74.9207690635553,1980,10.08583,46,70.9615204894463
ZAF,89.3673674299411,1981,12.9875,48.4,74.9207690635553
ZAF,93.4616732358909,1982,13.50833,48.2,89.3673674299411
ZAF,99.5306473253018,1983,12.665,47.3,93.4616732358909
ZAF,97.381179170679,1984,15.22667,49.8,99.5306473253018
ZAF,76.9361640054178,1985,16.79167,49.2,97.381179170679
ZAF,61.9114794751049,1986,16.36583,49.2,76.9361640054178
ZAF,59.020204634185,1987,15.29667,50.2,61.9114794751049
ZAF,59.0662041355077,1988,16.37167,52.3,59.020204634185
ZAF,58.2988752878435,1989,16.90083,53.6,59.0662041355077
ZAF,57.0233948417429,1990,16.15083,53.4,58.2988752878435
ZAF,55.5347301668361,1991,16.34417,52.8,57.0233948417429
ZAF,50.4012133313093,1992,15.44,51.7,55.5347301668361
ZAF,48.095982830833,1993,13.9675,52.4,50.4012133313093
ZAF,48.2163036725054,1994,14.83167,54,48.095982830833
ZAF,47.9351642864615,1995,16.10667,55.7,48.2163036725054
ZAF,46.270446646471,1996,15.48333,58.1,47.9351642864615
ZAF,46.2561227983531,1997,14.6975,59.6,46.270446646471
ZAF,49.1630431570442,1998,15.1225,59.9,46.2561227983531
ZAF,47.6002040239684,1999,14.90167,61.4,49.1630431570442
ZAF,51.3691846264894,2000,13.78667,63.9,47.6002040239684
ZAF,54.6132758411743,2001,11.40667,65.7,51.3691846264894
ZAF,57.0287110675552,2002,11.50083,68.1,54.6132758411743
ZAF,64.7462727562525,2003,9.615833,70.1,57.0287110675552
ZAF,80.6537284079476,2004,9.526667,73.3,64.7462727562525
ZAF,99.1542753108526,2005,8.066667,77.2,80.6537284079476
ZAF,112.494798471692,2006,7.9375,81.5,99.1542753108526
ZAF,120.464906051949,2007,7.985,85.9,112.494798471692
ZAF,109.351494575699,2008,9.1,88.6,120.464906051949
ZAF,99.4509617367218,2009,8.703333,87.2,109.351494575699
ZAF,99.6736713298176,2010,8.615,89.9,99.4509617367218
ZAF,97.4354675949901,2011,8.52,92.7,99.6736713298176
ZAF,96.5179629166891,2012,7.9,95,97.4354675949901
ZAF,96.8279036046479,2013,7.7225,97.3,96.5179629166891
ZAF,98.5240895985298,2014,8.25,98.7,96.8279036046479
ZAF,100,2015,8.165833,100,98.5240895985298
ZAF,99.3950493791866,2016,9.020833,100.7,100
ZAF,99.1724877972028,2017,9.0525,101.8,99.3950493791866
ZAF,98.9554647081737,2018,9.131667,103.4,99.1724877972028
ZAF,98.655031804431,2019,9.0725,103.5,98.9554647081737
ZAF,98.3774542349856,2020,10.075,96.8,98.655031804431
EA,71.2427988561498,1980,NA,NA,NA
EA,73.0010776236176,1981,NA,NA,71.2427988561498
EA,68.4008742541546,1982,NA,NA,73.0010776236176
EA,66.8433780654836,1983,NA,NA,68.4008742541546
EA,63.8068222906936,1984,NA,NA,66.8433780654836
EA,61.8546077149566,1985,NA,NA,63.8068222906936
EA,62.6229765022065,1986,NA,NA,61.8546077149566
EA,66.4126395303418,1987,NA,NA,62.6229765022065
EA,70.6735610020415,1988,NA,NA,66.4126395303418
EA,75.6683853156179,1989,NA,NA,70.6735610020415
EA,80.5866148615779,1990,NA,NA,75.6683853156179
EA,83.3424821239182,1991,NA,NA,80.5866148615779
EA,83.3966096206227,1992,NA,NA,83.3424821239182
EA,82.0564196187712,1993,NA,NA,83.3966096206227
EA,81.4212068124556,1994,NA,NA,82.0564196187712
EA,80.3248702150896,1995,NA,NA,81.4212068124556
EA,80.4474357466142,1996,NA,NA,80.3248702150896
EA,80.4564070755453,1997,NA,NA,80.4474357466142
EA,81.4248307209892,1998,NA,NA,80.4564070755453
EA,84.058997105633,1999,NA,NA,81.4248307209892
EA,86.5539719170086,2000,NA,NA,84.058997105633
EA,88.6876873815032,2001,NA,NA,86.5539719170086
EA,92.6797147958399,2002,NA,NA,88.6876873815032
EA,96.011105639184,2003,NA,NA,92.6797147958399
EA,100.304940212401,2004,NA,NA,96.011105639184
EA,105.211587599211,2005,NA,NA,100.304940212401
EA,110.063203505262,2006,NA,NA,105.211587599211
EA,112.46755808785,2007,NA,NA,110.063203505262
EA,110.920099916759,2008,NA,NA,112.46755808785
EA,108.116684393763,2009,NA,NA,110.920099916759
EA,107.512172677782,2010,NA,NA,108.116684393763
EA,106.325277742758,2011,NA,NA,107.512172677782
EA,102.204819467876,2012,NA,NA,106.325277742758
EA,99.0061532309861,2013,NA,NA,102.204819467876
EA,98.778465223887,2014,NA,NA,99.0061532309861
EA,100,2015,NA,NA,98.778465223887
EA,103.561794851152,2016,NA,NA,100
EA,106.676508986249,2017,NA,NA,103.561794851152
EA,110.089339503354,2018,NA,NA,106.676508986249
EA,113.576425141991,2019,NA,NA,110.089339503354
EA,118.907195602797,2020,NA,NA,113.576425141991
EA17,57.4421077992953,1970,NA,NA,NA
EA17,57.534747598996,1971,NA,NA,57.4421077992953
EA17,58.5768677306671,1972,NA,NA,57.534747598996
EA17,59.8278037081167,1973,NA,NA,58.5768677306671
EA17,66.0763828168589,1974,NA,NA,59.8278037081167
EA17,64.2286641836719,1975,NA,NA,66.0763828168589
EA17,66.2783884580755,1976,NA,NA,64.2286641836719
EA17,69.6396107607463,1977,NA,NA,66.2783884580755
EA17,72.7427859873376,1978,NA,NA,69.6396107607463
EA17,73.7880373508675,1979,NA,NA,72.7427859873376
EA17,73.7314368327829,1980,NA,NA,73.7880373508675
EA17,75.0130037778073,1981,NA,NA,73.7314368327829
EA17,70.7899394447865,1982,NA,NA,75.0130037778073
EA17,67.9038981116289,1983,NA,NA,70.7899394447865
EA17,63.9864939134336,1984,NA,NA,67.9038981116289
EA17,61.8583286052842,1985,NA,NA,63.9864939134336
EA17,63.0093380487262,1986,NA,NA,61.8583286052842
EA17,66.6386475424991,1987,NA,NA,63.0093380487262
EA17,70.4437551105422,1988,NA,NA,66.6386475424991
EA17,76.5201803025064,1989,NA,NA,70.4437551105422
EA17,81.6794593052761,1990,NA,NA,76.5201803025064
EA17,83.4228097155661,1991,NA,NA,81.6794593052761
EA17,82.7181821062507,1992,NA,NA,83.4228097155661
EA17,81.2792963978599,1993,NA,NA,82.7181821062507
EA17,80.530920736898,1994,NA,NA,81.2792963978599
EA17,79.0547371558855,1995,NA,NA,80.530920736898
EA17,77.4318671403019,1996,NA,NA,79.0547371558855
EA17,76.4437770002612,1997,NA,NA,77.4318671403019
EA17,77.9626922496338,1998,NA,NA,76.4437770002612
EA17,81.3735003445675,1999,NA,NA,77.9626922496338
EA17,84.664595170695,2000,NA,NA,81.3735003445675
EA17,87.4011907471183,2001,NA,NA,84.664595170695
EA17,91.1482966603121,2002,NA,NA,87.4011907471183
EA17,96.0198299829722,2003,NA,NA,91.1482966603121
EA17,101.02451097545,2004,NA,NA,96.0198299829722
EA17,107.030902229034,2005,NA,NA,101.02451097545
EA17,111.823292182864,2006,NA,NA,107.030902229034
EA17,114.144162011793,2007,NA,NA,111.823292182864
EA17,112.099510564902,2008,NA,NA,114.144162011793
EA17,108.484455521673,2009,NA,NA,112.099510564902
EA17,107.885436262951,2010,NA,NA,108.484455521673
EA17,106.71426189345,2011,NA,NA,107.885436262951
EA17,102.493540904088,2012,NA,NA,106.71426189345
EA17,99.2001713515875,2013,NA,NA,102.493540904088
EA17,98.8929557637754,2014,NA,NA,99.2001713515875
EA17,100,2015,NA,NA,98.8929557637754
EA17,103.53706755682,2016,NA,NA,100
EA17,106.573886115607,2017,NA,NA,103.53706755682
EA17,109.966237487794,2018,NA,NA,106.573886115607
EA17,113.384524420222,2019,NA,NA,109.966237487794
EA17,118.798904878606,2020,NA,NA,113.384524420222
OECD,52.7629282937795,1970,NA,30.1,NA
OECD,54.355386365434,1971,NA,31.3,52.7629282937795
OECD,57.3594647554753,1972,NA,33,54.355386365434
OECD,62.0853742023367,1973,NA,35,57.3594647554753
OECD,63.3546509363491,1974,NA,35.3,62.0853742023367
OECD,60.3834127581696,1975,NA,35.5,63.3546509363491
OECD,60.3004636168688,1976,NA,37.3,60.3834127581696
OECD,61.6014713679055,1977,NA,38.6,60.3004636168688
OECD,64.1340909981037,1978,NA,40.3,61.6014713679055
OECD,66.5959981064316,1979,NA,41.9,64.1340909981037
OECD,66.5993537099633,1980,NA,42.4,66.5959981064316
OECD,66.5028070928618,1981,NA,43.4,66.5993537099633
OECD,64.3501638709599,1982,NA,43.5,66.5028070928618
OECD,63.8147691128653,1983,NA,44.7,64.3501638709599
OECD,63.1052261568513,1984,NA,46.9,63.8147691128653
OECD,63.4216028355204,1985,NA,48.7,63.1052261568513
OECD,66.096652824734,1986,NA,50.1,63.4216028355204
OECD,69.9160622154073,1987,NA,51.9,66.096652824734
OECD,74.1167872315163,1988,NA,54.3,69.9160622154073
OECD,78.3522151509692,1989,NA,56.4,74.1167872315163
OECD,80.0001064455772,1990,NA,58.2,78.3522151509692
OECD,79.2409039768535,1991,NA,59,80.0001064455772
OECD,77.4391135719148,1992,NA,60.4,79.2409039768535
OECD,75.8430753143808,1993,NA,61.3,77.4391135719148
OECD,75.8076033020201,1994,NA,63.1,75.8430753143808
OECD,75.0596359575405,1995,NA,64.7,75.8076033020201
OECD,74.5015137564186,1996,NA,66.8,75.0596359575405
OECD,74.5845924766167,1997,NA,69.2,74.5015137564186
OECD,76.0920646232325,1998,NA,71.2,74.5845924766167
OECD,78.6073706422704,1999,NA,73.6,76.0920646232325
OECD,81.1851219195918,2000,NA,76.6,78.6073706422704
OECD,83.6692760592827,2001,NA,77.6,81.1851219195918
OECD,87.6656233642783,2002,NA,78.9,83.6692760592827
OECD,91.6473710578711,2003,NA,80.5,87.6656233642783
OECD,95.7766419874323,2004,NA,83.2,91.6473710578711
OECD,100.304663804997,2005,NA,85.6,95.7766419874323
OECD,104.084362160187,2006,NA,88.4,100.304663804997
OECD,105.934783420411,2007,NA,90.7,104.084362160187
OECD,101.050854281034,2008,NA,91.2,105.934783420411
OECD,97.0239870087923,2009,NA,88,101.050854281034
OECD,96.2616764233293,2010,NA,90.8,97.0239870087923
OECD,93.7100996534219,2011,NA,92.7,96.2616764233293
OECD,92.8701915494209,2012,NA,94,93.7100996534219
OECD,94.3638270388034,2013,NA,95.5,92.8701915494209
OECD,96.344461024362,2014,NA,97.5,94.3638270388034
OECD,100,2015,NA,100,96.344461024362
OECD,104.197383989836,2016,NA,101.9,100
OECD,107.788772654706,2017,NA,104.6,104.197383989836
OECD,110.60776342186399,2018,NA,107,107.788772654706
OECD,112.991320440188,2019,NA,108.9,110.60776342186399
OECD,118.320803869226,2020,NA,103.9,112.991320440188
BGR,105.781221971354,2005,NA,78.9,NA
BGR,118.732717426772,2006,NA,84.3,105.781221971354
BGR,140.557462860556,2007,NA,89.8,118.732717426772
BGR,165.357696024121,2008,NA,95.3,140.557462860556
BGR,130.887828486519,2009,NA,92.2,165.357696024121
BGR,115.495968602083,2010,NA,93.6,130.887828486519
BGR,105.206254718276,2011,NA,95.6,115.495968602083
BGR,100.312369832355,2012,NA,96.3,105.206254718276
BGR,99.5248219778619,2013,NA,95.8,100.312369832355
BGR,99.619739188274,2014,NA,96.7,99.5248219778619
BGR,100,2015,NA,100,99.619739188274
BGR,105.25578861926,2016,NA,103,100
BGR,109.371507861559,2017,NA,105.9,105.25578861926
BGR,113.790676858133,2018,NA,108.7,109.371507861559
BGR,118.278625682248,2019,NA,113.1,113.790676858133
BGR,124.804322291373,2020,NA,108.2,118.278625682248
ROU,156.284911501199,2009,NA,90.4,NA
ROU,136.095567667647,2010,NA,86.9,156.284911501199
ROU,114.912770763374,2011,NA,88.6,136.095567667647
ROU,104.657547526977,2012,NA,90.3,114.912770763374
ROU,101.791709973471,2013,NA,93.7,104.657547526977
ROU,98.3906701585921,2014,NA,97.1,101.791709973471
ROU,100,2015,NA,100,98.3906701585921
ROU,105.190256780174,2016,NA,104.7,100
ROU,108.626054698608,2017,NA,112.4,105.190256780174
ROU,110.508133911158,2018,NA,117.4,108.626054698608
ROU,108.447600114867,2019,NA,122.3,110.508133911158
ROU,110.942668188859,2020,NA,117.5,108.447600114867
SAU,102.398155701761,2014,NA,96.1,NA
SAU,100,2015,NA,100,102.398155701761
SAU,93.1556157950184,2016,NA,101.7,100
SAU,87.8979748342953,2017,NA,100.9,93.1556157950184
SAU,83.3642113662113,2018,NA,103.4,87.8979748342953
SAU,82.2384034257016,2019,NA,103.7,83.3642113662113
SAU,80.8236717486985,2020,NA,99.4,82.2384034257016
